Datetime,True_Label,Prob,Pred_Default_0.5,Pred_Tuned
2025-09-02 08:00:00+00:00,,0.15477493,0,0
2025-09-02 08:15:00+00:00,,0.06899444,0,0
2025-09-02 08:30:00+00:00,,0.08570844,0,0
2025-09-02 08:45:00+00:00,,0.10824899,0,0
2025-09-02 09:00:00+00:00,,0.18608497,0,0
2025-09-02 09:15:00+00:00,,0.055785853,0,0
2025-09-02 09:30:00+00:00,,0.020840514,0,0
2025-09-02 09:45:00+00:00,,0.016454311,0,0
2025-09-02 10:00:00+00:00,,0.02657796,0,0
2025-09-02 10:15:00+00:00,,0.033747632,0,0
2025-09-02 10:30:00+00:00,,0.0053503034,0,0
2025-09-02 10:45:00+00:00,,0.025201805,0,0
2025-09-02 11:00:00+00:00,,0.011287329,0,0
2025-09-02 11:15:00+00:00,,0.015361251,0,0
2025-09-02 11:30:00+00:00,,0.005045577,0,0
2025-09-02 11:45:00+00:00,,0.0047469814,0,0
2025-09-02 12:00:00+00:00,,0.005649859,0,0
2025-09-02 12:15:00+00:00,,0.017439658,0,0
2025-09-02 12:30:00+00:00,,0.0072029755,0,0
2025-09-02 12:45:00+00:00,,0.012109538,0,0
2025-09-02 13:00:00+00:00,,0.008081569,0,0
2025-09-02 13:15:00+00:00,,0.029574571,0,0
2025-09-02 13:30:00+00:00,,0.011795532,0,0
2025-09-02 13:45:00+00:00,,0.02498894,0,0
2025-09-02 14:00:00+00:00,,0.0032551528,0,0
2025-09-02 14:15:00+00:00,,0.01320934,0,0
2025-09-02 14:30:00+00:00,,0.021871487,0,0
2025-09-02 14:45:00+00:00,,0.19501638,0,0
2025-09-02 15:00:00+00:00,,0.031122392,0,0
2025-09-02 15:15:00+00:00,,0.018089822,0,0
2025-09-02 15:30:00+00:00,,0.008962732,0,0
2025-09-02 15:45:00+00:00,,0.05827703,0,0
2025-09-02 16:00:00+00:00,,0.12595181,0,0
2025-09-02 16:15:00+00:00,,0.035490002,0,0
2025-09-02 16:30:00+00:00,,0.018329527,0,0
2025-09-02 16:45:00+00:00,,0.028401688,0,0
2025-09-02 17:00:00+00:00,,0.05768854,0,0
2025-09-02 17:15:00+00:00,,0.022705432,0,0
2025-09-02 17:30:00+00:00,,0.009360549,0,0
2025-09-02 17:45:00+00:00,,0.03094505,0,0
2025-09-02 18:00:00+00:00,,0.039863113,0,0
2025-09-02 18:15:00+00:00,,0.15787755,0,0
2025-09-02 18:30:00+00:00,,0.04209865,0,0
2025-09-02 18:45:00+00:00,,0.042623807,0,0
2025-09-02 19:00:00+00:00,,0.72221994,1,1
2025-09-02 19:15:00+00:00,,0.69785005,1,1
2025-09-02 19:30:00+00:00,,0.8700105,1,1
2025-09-02 19:45:00+00:00,,0.69801044,1,1
2025-09-02 20:00:00+00:00,,0.7075747,1,1
2025-09-02 20:15:00+00:00,,0.07600527,0,0
2025-09-02 20:30:00+00:00,,0.11242748,0,0
2025-09-02 20:45:00+00:00,,0.019666819,0,0
2025-09-02 21:00:00+00:00,,0.019613039,0,0
2025-09-02 21:15:00+00:00,,0.003926141,0,0
2025-09-02 21:30:00+00:00,,0.0231813,0,0
2025-09-02 21:45:00+00:00,,0.013523202,0,0
2025-09-02 22:00:00+00:00,,0.029909153,0,0
2025-09-02 22:15:00+00:00,,0.3468834,0,0
2025-09-02 22:30:00+00:00,,0.346296,0,0
2025-09-02 22:45:00+00:00,,0.9097821,1,1
2025-09-02 23:00:00+00:00,,0.41763332,0,0
2025-09-02 23:15:00+00:00,,0.4891457,0,0
2025-09-02 23:30:00+00:00,,0.29461744,0,0
2025-09-02 23:45:00+00:00,,0.004278808,0,0
2025-09-03 08:00:00+00:00,,0.04844708,0,0
2025-09-03 08:15:00+00:00,,0.0545869,0,0
2025-09-03 08:30:00+00:00,,0.01710466,0,0
2025-09-03 08:45:00+00:00,,0.027339285,0,0
2025-09-03 09:00:00+00:00,,0.037856825,0,0
2025-09-03 09:15:00+00:00,,0.014619124,0,0
2025-09-03 09:30:00+00:00,,0.08664828,0,0
2025-09-03 09:45:00+00:00,,0.05074821,0,0
2025-09-03 10:00:00+00:00,,0.3069983,0,0
2025-09-03 10:15:00+00:00,,0.12388597,0,0
2025-09-03 10:30:00+00:00,,0.10033883,0,0
2025-09-03 10:45:00+00:00,,0.069800034,0,0
2025-09-03 11:00:00+00:00,,0.519224,1,0
2025-09-03 11:15:00+00:00,,0.140442,0,0
2025-09-03 11:30:00+00:00,,0.25760874,0,0
2025-09-03 11:45:00+00:00,,0.22546919,0,0
2025-09-03 12:00:00+00:00,,0.041930255,0,0
2025-09-03 12:15:00+00:00,,0.116081215,0,0
2025-09-03 12:30:00+00:00,,0.113004625,0,0
2025-09-03 12:45:00+00:00,,0.07098491,0,0
2025-09-03 13:00:00+00:00,,0.08750336,0,0
2025-09-03 13:15:00+00:00,,0.5239318,1,0
2025-09-03 13:30:00+00:00,,0.965133,1,1
2025-09-03 13:45:00+00:00,,0.9684115,1,1
2025-09-03 14:00:00+00:00,,0.10359563,0,0
2025-09-03 14:15:00+00:00,,0.23359829,0,0
2025-09-03 14:30:00+00:00,,0.06526099,0,0
2025-09-03 14:45:00+00:00,,0.022758516,0,0
2025-09-03 15:00:00+00:00,,0.07787929,0,0
2025-09-03 15:15:00+00:00,,0.033971082,0,0
2025-09-03 15:30:00+00:00,,0.16587192,0,0
2025-09-03 15:45:00+00:00,,0.9152235,1,1
2025-09-03 16:00:00+00:00,,0.8738929,1,1
2025-09-03 16:15:00+00:00,,0.018986605,0,0
2025-09-03 16:30:00+00:00,,0.018080689,0,0
2025-09-03 16:45:00+00:00,,0.016651956,0,0
2025-09-03 17:00:00+00:00,,0.13830043,0,0
2025-09-03 17:15:00+00:00,,0.028565118,0,0
2025-09-03 17:30:00+00:00,,0.07507065,0,0
2025-09-03 17:45:00+00:00,,0.011431851,0,0
2025-09-03 18:00:00+00:00,,0.06777523,0,0
2025-09-03 18:15:00+00:00,,0.253215,0,0
2025-09-03 18:30:00+00:00,,0.12671527,0,0
2025-09-03 18:45:00+00:00,,0.7008702,1,1
2025-09-03 19:00:00+00:00,,0.08157447,0,0
2025-09-03 19:15:00+00:00,,0.05186795,0,0
2025-09-03 19:30:00+00:00,,0.008315857,0,0
2025-09-03 19:45:00+00:00,,0.048897833,0,0
2025-09-03 20:00:00+00:00,,0.073782854,0,0
2025-09-03 20:15:00+00:00,,0.08205876,0,0
2025-09-03 20:30:00+00:00,,0.0087169325,0,0
2025-09-03 20:45:00+00:00,,0.021360135,0,0
2025-09-03 21:00:00+00:00,,0.27438295,0,0
2025-09-03 21:15:00+00:00,,0.0070998697,0,0
2025-09-03 21:30:00+00:00,,0.06885692,0,0
2025-09-03 21:45:00+00:00,,0.04895546,0,0
2025-09-03 22:00:00+00:00,,0.021185543,0,0
2025-09-03 22:15:00+00:00,,0.30314985,0,0
2025-09-03 22:30:00+00:00,,0.09607575,0,0
2025-09-03 22:45:00+00:00,,0.31849152,0,0
2025-09-03 23:00:00+00:00,,0.26350576,0,0
2025-09-03 23:15:00+00:00,,0.24899182,0,0
2025-09-03 23:30:00+00:00,,0.23637262,0,0
2025-09-03 23:45:00+00:00,,0.16427991,0,0
2025-09-04 08:00:00+00:00,,0.81061286,1,1
2025-09-04 08:15:00+00:00,,0.07508709,0,0
2025-09-04 08:30:00+00:00,,0.12418542,0,0
2025-09-04 08:45:00+00:00,,0.20206329,0,0
2025-09-04 09:00:00+00:00,,0.15321168,0,0
2025-09-04 09:15:00+00:00,,0.011230891,0,0
2025-09-04 09:30:00+00:00,,0.14738935,0,0
2025-09-04 09:45:00+00:00,,0.19963777,0,0
2025-09-04 10:00:00+00:00,,0.058995202,0,0
2025-09-04 10:15:00+00:00,,0.23742199,0,0
2025-09-04 10:30:00+00:00,,0.13287035,0,0
2025-09-04 10:45:00+00:00,,0.09985812,0,0
2025-09-04 11:00:00+00:00,,0.13789894,0,0
2025-09-04 11:15:00+00:00,,0.06239291,0,0
2025-09-04 11:30:00+00:00,,0.29314324,0,0
2025-09-04 11:45:00+00:00,,0.11660252,0,0
2025-09-04 12:00:00+00:00,,0.17175758,0,0
2025-09-04 12:15:00+00:00,,0.21485117,0,0
2025-09-04 12:30:00+00:00,,0.21473515,0,0
2025-09-04 12:45:00+00:00,,0.020283362,0,0
2025-09-04 13:00:00+00:00,,0.0182163,0,0
2025-09-04 13:15:00+00:00,,0.008302863,0,0
2025-09-04 13:30:00+00:00,,0.06086782,0,0
2025-09-04 13:45:00+00:00,,0.12842038,0,0
2025-09-04 14:00:00+00:00,,0.052113958,0,0
2025-09-04 14:15:00+00:00,,0.014074362,0,0
2025-09-04 14:30:00+00:00,,0.025818657,0,0
2025-09-04 14:45:00+00:00,,0.02447263,0,0
2025-09-04 15:00:00+00:00,,0.22949699,0,0
2025-09-04 15:15:00+00:00,,0.043933637,0,0
2025-09-04 15:30:00+00:00,,0.012788388,0,0
2025-09-04 15:45:00+00:00,,0.04296067,0,0
2025-09-04 16:00:00+00:00,,0.041912828,0,0
2025-09-04 16:15:00+00:00,,0.010091339,0,0
2025-09-04 16:30:00+00:00,,0.015908198,0,0
2025-09-04 16:45:00+00:00,,0.025784014,0,0
2025-09-04 17:00:00+00:00,,0.0089534735,0,0
2025-09-04 17:15:00+00:00,,0.04098886,0,0
2025-09-04 17:30:00+00:00,,0.0030839606,0,0
2025-09-04 17:45:00+00:00,,0.0057870355,0,0
2025-09-04 18:00:00+00:00,,0.047843304,0,0
2025-09-04 18:15:00+00:00,,0.026685264,0,0
2025-09-04 18:30:00+00:00,,0.062674485,0,0
2025-09-04 18:45:00+00:00,,0.40661854,0,0
2025-09-04 19:00:00+00:00,,0.1382275,0,0
2025-09-04 19:15:00+00:00,,0.3354454,0,0
2025-09-04 19:30:00+00:00,,0.15762462,0,0
2025-09-04 19:45:00+00:00,,0.0057516727,0,0
2025-09-04 20:00:00+00:00,,0.016827423,0,0
2025-09-04 20:15:00+00:00,,0.022075541,0,0
2025-09-04 20:30:00+00:00,,0.052584723,0,0
2025-09-04 20:45:00+00:00,,0.020250177,0,0
2025-09-04 21:00:00+00:00,,0.0031502591,0,0
2025-09-04 21:15:00+00:00,,0.049109463,0,0
2025-09-04 21:30:00+00:00,,0.028466685,0,0
2025-09-04 21:45:00+00:00,,0.053466037,0,0
2025-09-04 22:00:00+00:00,,0.022589665,0,0
2025-09-04 22:15:00+00:00,,0.36583084,0,0
2025-09-04 22:30:00+00:00,,0.32017744,0,0
2025-09-04 22:45:00+00:00,,0.39710343,0,0
2025-09-04 23:00:00+00:00,,0.32754266,0,0
2025-09-04 23:15:00+00:00,,0.011573031,0,0
2025-09-04 23:30:00+00:00,,0.09436853,0,0
2025-09-04 23:45:00+00:00,,0.57662696,1,1
2025-09-05 08:00:00+00:00,,0.1794951,0,0
2025-09-05 08:15:00+00:00,,0.7841589,1,1
2025-09-05 08:30:00+00:00,,0.32388684,0,0
2025-09-05 08:45:00+00:00,,0.3811931,0,0
2025-09-05 09:00:00+00:00,,0.03279027,0,0
2025-09-05 09:15:00+00:00,,0.17876157,0,0
2025-09-05 09:30:00+00:00,,0.0767269,0,0
2025-09-05 09:45:00+00:00,,0.11230764,0,0
2025-09-05 10:00:00+00:00,,0.19049633,0,0
2025-09-05 10:15:00+00:00,,0.13086304,0,0
2025-09-05 10:30:00+00:00,,0.32317555,0,0
2025-09-05 10:45:00+00:00,,0.5474242,1,1
2025-09-05 11:00:00+00:00,,0.4634976,0,0
2025-09-05 11:15:00+00:00,,0.4994483,0,0
2025-09-05 11:30:00+00:00,,0.7585102,1,1
2025-09-05 11:45:00+00:00,,0.20978516,0,0
2025-09-05 12:00:00+00:00,,0.20589903,0,0
2025-09-05 12:15:00+00:00,,0.043166324,0,0
2025-09-05 12:30:00+00:00,,0.046603493,0,0
2025-09-05 12:45:00+00:00,,0.087265216,0,0
2025-09-05 13:00:00+00:00,,0.033643275,0,0
2025-09-05 13:15:00+00:00,,0.32033947,0,0
2025-09-05 13:30:00+00:00,,0.06509225,0,0
2025-09-05 13:45:00+00:00,,0.014427111,0,0
2025-09-05 14:00:00+00:00,,0.12644269,0,0
2025-09-05 14:15:00+00:00,,0.12562396,0,0
2025-09-05 14:30:00+00:00,,0.00810964,0,0
2025-09-05 14:45:00+00:00,,0.075296186,0,0
2025-09-05 15:00:00+00:00,,0.109411106,0,0
2025-09-05 15:15:00+00:00,,0.26145282,0,0
2025-09-05 15:30:00+00:00,,0.51232535,1,0
2025-09-05 15:45:00+00:00,,0.06855888,0,0
2025-09-05 16:00:00+00:00,,0.041158777,0,0
2025-09-05 16:15:00+00:00,,0.03081817,0,0
2025-09-05 16:30:00+00:00,,0.010184351,0,0
2025-09-05 16:45:00+00:00,,0.085450254,0,0
2025-09-05 17:00:00+00:00,,0.039189674,0,0
2025-09-05 17:15:00+00:00,,0.03404886,0,0
2025-09-05 17:30:00+00:00,,0.020442748,0,0
2025-09-05 17:45:00+00:00,,0.016618244,0,0
2025-09-05 18:00:00+00:00,,0.024465987,0,0
2025-09-05 18:15:00+00:00,,0.015523391,0,0
2025-09-05 18:30:00+00:00,,0.044362467,0,0
2025-09-05 18:45:00+00:00,,0.020757584,0,0
2025-09-05 19:00:00+00:00,,0.005648742,0,0
2025-09-05 19:15:00+00:00,,0.07548971,0,0
2025-09-05 19:30:00+00:00,,0.20171215,0,0
2025-09-05 19:45:00+00:00,,0.039322898,0,0
2025-09-05 20:00:00+00:00,,0.067014344,0,0
2025-09-05 20:15:00+00:00,,0.07257035,0,0
2025-09-05 20:30:00+00:00,,0.11248682,0,0
2025-09-05 20:45:00+00:00,,0.011077393,0,0
2025-09-05 21:00:00+00:00,,0.005502608,0,0
2025-09-05 21:15:00+00:00,,0.038493123,0,0
2025-09-05 21:30:00+00:00,,0.020299863,0,0
2025-09-05 21:45:00+00:00,,0.037982594,0,0
2025-09-05 22:00:00+00:00,,0.016248472,0,0
2025-09-05 22:15:00+00:00,,0.04991373,0,0
2025-09-05 22:30:00+00:00,,0.07579693,0,0
2025-09-05 22:45:00+00:00,,0.022816507,0,0
2025-09-05 23:00:00+00:00,,0.06530813,0,0
2025-09-05 23:15:00+00:00,,0.022701876,0,0
2025-09-05 23:30:00+00:00,,0.020285225,0,0
2025-09-05 23:45:00+00:00,,0.032842953,0,0
2025-09-08 08:00:00+00:00,,0.43617037,0,0
2025-09-08 08:15:00+00:00,,0.024114456,0,0
2025-09-08 08:30:00+00:00,,0.1100581,0,0
2025-09-08 08:45:00+00:00,,0.06732285,0,0
2025-09-08 09:00:00+00:00,,0.098797165,0,0
2025-09-08 09:15:00+00:00,,0.05783742,0,0
2025-09-08 09:30:00+00:00,,0.31424683,0,0
2025-09-08 09:45:00+00:00,,0.38857868,0,0
2025-09-08 10:00:00+00:00,,0.11405029,0,0
2025-09-08 10:15:00+00:00,,0.054819975,0,0
2025-09-08 10:30:00+00:00,,0.06729187,0,0
2025-09-08 10:45:00+00:00,,0.3015489,0,0
2025-09-08 11:00:00+00:00,,0.036899254,0,0
2025-09-08 11:15:00+00:00,,0.042814378,0,0
2025-09-08 11:30:00+00:00,,0.10182948,0,0
2025-09-08 11:45:00+00:00,,0.020926658,0,0
2025-09-08 12:00:00+00:00,,0.17307484,0,0
2025-09-08 12:15:00+00:00,,0.017972378,0,0
2025-09-08 12:30:00+00:00,,0.15290478,0,0
2025-09-08 12:45:00+00:00,,0.066864684,0,0
2025-09-08 13:00:00+00:00,,0.05352823,0,0
2025-09-08 13:15:00+00:00,,0.01666772,0,0
2025-09-08 13:30:00+00:00,,0.023662066,0,0
2025-09-08 13:45:00+00:00,,0.013779628,0,0
2025-09-08 14:00:00+00:00,,0.0038981931,0,0
2025-09-08 14:15:00+00:00,,0.036717325,0,0
2025-09-08 14:30:00+00:00,,0.019639183,0,0
2025-09-08 14:45:00+00:00,,0.02778779,0,0
2025-09-08 15:00:00+00:00,,0.0100328615,0,0
2025-09-08 15:15:00+00:00,,0.018475031,0,0
2025-09-08 15:30:00+00:00,,0.040532496,0,0
2025-09-08 15:45:00+00:00,,0.029278297,0,0
2025-09-08 16:00:00+00:00,,0.014846337,0,0
2025-09-08 16:15:00+00:00,,0.07854937,0,0
2025-09-08 16:30:00+00:00,,0.25831378,0,0
2025-09-08 16:45:00+00:00,,0.2081564,0,0
2025-09-08 17:00:00+00:00,,0.8776181,1,1
2025-09-08 17:15:00+00:00,,0.12504928,0,0
2025-09-08 17:30:00+00:00,,0.1550279,0,0
2025-09-08 17:45:00+00:00,,0.03313456,0,0
2025-09-08 18:00:00+00:00,,0.01842273,0,0
2025-09-08 18:15:00+00:00,,0.022853037,0,0
2025-09-08 18:30:00+00:00,,0.054609865,0,0
2025-09-08 18:45:00+00:00,,0.5365373,1,0
2025-09-08 19:00:00+00:00,,0.91665703,1,1
2025-09-08 19:15:00+00:00,,0.090656035,0,0
2025-09-08 19:30:00+00:00,,0.08711249,0,0
2025-09-08 19:45:00+00:00,,0.018347524,0,0
2025-09-08 20:00:00+00:00,,0.013230067,0,0
2025-09-08 20:15:00+00:00,,0.13952541,0,0
2025-09-08 20:30:00+00:00,,0.039428793,0,0
2025-09-08 20:45:00+00:00,,0.09382138,0,0
2025-09-08 21:00:00+00:00,,0.017776186,0,0
2025-09-08 21:15:00+00:00,,0.0048138606,0,0
2025-09-08 21:30:00+00:00,,0.069417275,0,0
2025-09-08 21:45:00+00:00,,0.03657586,0,0
2025-09-08 22:00:00+00:00,,0.04746531,0,0
2025-09-08 22:15:00+00:00,,0.03346593,0,0
2025-09-08 22:30:00+00:00,,0.06407502,0,0
2025-09-08 22:45:00+00:00,,0.12478332,0,0
2025-09-08 23:00:00+00:00,,0.06940568,0,0
2025-09-08 23:15:00+00:00,,0.08260907,0,0
2025-09-08 23:30:00+00:00,,0.08692072,0,0
2025-09-08 23:45:00+00:00,,0.014922679,0,0
2025-09-09 08:00:00+00:00,,0.00444439,0,0
2025-09-09 08:15:00+00:00,,0.0200384,0,0
2025-09-09 08:30:00+00:00,,0.01989979,0,0
2025-09-09 08:45:00+00:00,,0.008434425,0,0
2025-09-09 09:00:00+00:00,,0.0099418005,0,0
2025-09-09 09:15:00+00:00,,0.007870538,0,0
2025-09-09 09:30:00+00:00,,0.028556563,0,0
2025-09-09 09:45:00+00:00,,0.006006382,0,0
2025-09-09 10:00:00+00:00,,0.008921493,0,0
2025-09-09 10:15:00+00:00,,0.11688785,0,0
2025-09-09 10:30:00+00:00,,0.056701537,0,0
2025-09-09 10:45:00+00:00,,0.016116101,0,0
2025-09-09 11:00:00+00:00,,0.02336192,0,0
2025-09-09 11:15:00+00:00,,0.025523428,0,0
2025-09-09 11:30:00+00:00,,0.020765688,0,0
2025-09-09 11:45:00+00:00,,0.0138021,0,0
2025-09-09 12:00:00+00:00,,0.056466468,0,0
2025-09-09 12:15:00+00:00,,0.117116556,0,0
2025-09-09 12:30:00+00:00,,0.0107426895,0,0
2025-09-09 12:45:00+00:00,,0.04284802,0,0
2025-09-09 13:00:00+00:00,,0.02328867,0,0
2025-09-09 13:15:00+00:00,,0.010498485,0,0
2025-09-09 13:30:00+00:00,,0.006147102,0,0
2025-09-09 13:45:00+00:00,,0.004299641,0,0
2025-09-09 14:00:00+00:00,,0.0041464977,0,0
2025-09-09 14:15:00+00:00,,0.034605756,0,0
2025-09-09 14:30:00+00:00,,0.113753736,0,0
2025-09-09 14:45:00+00:00,,0.046043914,0,0
2025-09-09 15:00:00+00:00,,0.037917286,0,0
2025-09-09 15:15:00+00:00,,0.041407973,0,0
2025-09-09 15:30:00+00:00,,0.07381263,0,0
2025-09-09 15:45:00+00:00,,0.056251887,0,0
2025-09-09 16:00:00+00:00,,0.7597821,1,1
2025-09-09 16:15:00+00:00,,0.81687534,1,1
2025-09-09 16:30:00+00:00,,0.14711875,0,0
2025-09-09 16:45:00+00:00,,0.06817092,0,0
2025-09-09 17:00:00+00:00,,0.04720958,0,0
2025-09-09 17:15:00+00:00,,0.04731971,0,0
2025-09-09 17:30:00+00:00,,0.09810426,0,0
2025-09-09 17:45:00+00:00,,0.012011062,0,0
2025-09-09 18:00:00+00:00,,0.023330398,0,0
2025-09-09 18:15:00+00:00,,0.02562858,0,0
2025-09-09 18:30:00+00:00,,0.040341265,0,0
2025-09-09 18:45:00+00:00,,0.019054914,0,0
2025-09-09 19:00:00+00:00,,0.018769637,0,0
2025-09-09 19:15:00+00:00,,0.028668353,0,0
2025-09-09 19:30:00+00:00,,0.056958374,0,0
2025-09-09 19:45:00+00:00,,0.016767997,0,0
2025-09-09 20:00:00+00:00,,0.015065233,0,0
2025-09-09 20:15:00+00:00,,0.022035316,0,0
2025-09-09 20:30:00+00:00,,0.006873878,0,0
2025-09-09 20:45:00+00:00,,0.0017456049,0,0
2025-09-09 21:00:00+00:00,,0.0092773875,0,0
2025-09-09 21:15:00+00:00,,0.04626525,0,0
2025-09-09 21:30:00+00:00,,0.2870201,0,0
2025-09-09 21:45:00+00:00,,0.025897242,0,0
2025-09-09 22:00:00+00:00,,0.037596703,0,0
2025-09-09 22:15:00+00:00,,0.058187447,0,0
2025-09-09 22:30:00+00:00,,0.055924095,0,0
2025-09-09 22:45:00+00:00,,0.08093689,0,0
2025-09-09 23:00:00+00:00,,0.049354848,0,0
2025-09-09 23:15:00+00:00,,0.074781634,0,0
2025-09-09 23:30:00+00:00,,0.16501294,0,0
2025-09-09 23:45:00+00:00,,0.14222749,0,0
2025-09-10 08:00:00+00:00,,0.06427864,0,0
2025-09-10 08:15:00+00:00,,0.15479074,0,0
2025-09-10 08:30:00+00:00,,0.10060261,0,0
2025-09-10 08:45:00+00:00,,0.09190165,0,0
2025-09-10 09:00:00+00:00,,0.05139555,0,0
2025-09-10 09:15:00+00:00,,0.05404947,0,0
2025-09-10 09:30:00+00:00,,0.054388896,0,0
2025-09-10 09:45:00+00:00,,0.07168288,0,0
2025-09-10 10:00:00+00:00,,0.11408281,0,0
2025-09-10 10:15:00+00:00,,0.04634678,0,0
2025-09-10 10:30:00+00:00,,0.13077648,0,0
2025-09-10 10:45:00+00:00,,0.0679368,0,0
2025-09-10 11:00:00+00:00,,0.06256624,0,0
2025-09-10 11:15:00+00:00,,0.13537414,0,0
2025-09-10 11:30:00+00:00,,0.18737034,0,0
2025-09-10 11:45:00+00:00,,0.083123416,0,0
2025-09-10 12:00:00+00:00,,0.23842974,0,0
2025-09-10 12:15:00+00:00,,0.20426974,0,0
2025-09-10 12:30:00+00:00,,0.19581449,0,0
2025-09-10 12:45:00+00:00,,0.12434649,0,0
2025-09-10 13:00:00+00:00,,0.0745774,0,0
2025-09-10 13:15:00+00:00,,0.19945498,0,0
2025-09-10 13:30:00+00:00,,0.17027111,0,0
2025-09-10 13:45:00+00:00,,0.032459028,0,0
2025-09-10 14:00:00+00:00,,0.063645326,0,0
2025-09-10 14:15:00+00:00,,0.008025026,0,0
2025-09-10 14:30:00+00:00,,0.006907004,0,0
2025-09-10 14:45:00+00:00,,0.0071636094,0,0
2025-09-10 15:00:00+00:00,,0.006770527,0,0
2025-09-10 15:15:00+00:00,,0.010497028,0,0
2025-09-10 15:30:00+00:00,,0.005671578,0,0
2025-09-10 15:45:00+00:00,,0.004909688,0,0
2025-09-10 16:00:00+00:00,,0.0040397425,0,0
2025-09-10 16:15:00+00:00,,0.0052823387,0,0
2025-09-10 16:30:00+00:00,,0.006082856,0,0
2025-09-10 16:45:00+00:00,,0.006998359,0,0
2025-09-10 17:00:00+00:00,,0.00628804,0,0
2025-09-10 17:15:00+00:00,,0.009014306,0,0
2025-09-10 17:30:00+00:00,,0.017035669,0,0
2025-09-10 17:45:00+00:00,,0.007944749,0,0
2025-09-10 18:00:00+00:00,,0.007319718,0,0
2025-09-10 18:15:00+00:00,,0.0060076523,0,0
2025-09-10 18:30:00+00:00,,0.01231467,0,0
2025-09-10 18:45:00+00:00,,0.0074520363,0,0
2025-09-10 19:00:00+00:00,,0.004595074,0,0
2025-09-10 19:15:00+00:00,,0.012841376,0,0
2025-09-10 19:30:00+00:00,,0.004019094,0,0
2025-09-10 19:45:00+00:00,,0.006302447,0,0
2025-09-10 20:00:00+00:00,,0.041097935,0,0
2025-09-10 20:15:00+00:00,,0.005104158,0,0
2025-09-10 20:30:00+00:00,,0.0038909581,0,0
2025-09-10 20:45:00+00:00,,0.006856702,0,0
2025-09-10 21:00:00+00:00,,0.0030397985,0,0
2025-09-10 21:15:00+00:00,,0.16369914,0,0
2025-09-10 21:30:00+00:00,,0.013084527,0,0
2025-09-10 21:45:00+00:00,,0.11249451,0,0
2025-09-10 22:00:00+00:00,,0.11174245,0,0
2025-09-10 22:15:00+00:00,,0.08675402,0,0
2025-09-10 22:30:00+00:00,,0.1270882,0,0
2025-09-10 22:45:00+00:00,,0.06676142,0,0
2025-09-10 23:00:00+00:00,,0.13348278,0,0
2025-09-10 23:15:00+00:00,,0.054313567,0,0
2025-09-10 23:30:00+00:00,,0.057709336,0,0
2025-09-10 23:45:00+00:00,,0.0170438,0,0
2025-09-11 08:00:00+00:00,,0.9555193,1,1
2025-09-11 08:15:00+00:00,,0.9328657,1,1
2025-09-11 08:30:00+00:00,,0.5345474,1,0
2025-09-11 08:45:00+00:00,,0.2742086,0,0
2025-09-11 09:00:00+00:00,,0.23500432,0,0
2025-09-11 09:15:00+00:00,,0.1645962,0,0
2025-09-11 09:30:00+00:00,,0.35607204,0,0
2025-09-11 09:45:00+00:00,,0.089145616,0,0
2025-09-11 10:00:00+00:00,,0.17709625,0,0
2025-09-11 10:15:00+00:00,,0.17537265,0,0
2025-09-11 10:30:00+00:00,,0.025750292,0,0
2025-09-11 10:45:00+00:00,,0.1858647,0,0
2025-09-11 11:00:00+00:00,,0.15370934,0,0
2025-09-11 11:15:00+00:00,,0.08235007,0,0
2025-09-11 11:30:00+00:00,,0.090547994,0,0
2025-09-11 11:45:00+00:00,,0.2531007,0,0
2025-09-11 12:00:00+00:00,,0.49217874,0,0
2025-09-11 12:15:00+00:00,,0.14030145,0,0
2025-09-11 12:30:00+00:00,,0.06936725,0,0
2025-09-11 12:45:00+00:00,,0.14591837,0,0
2025-09-11 13:00:00+00:00,,0.0504418,0,0
2025-09-11 13:15:00+00:00,,0.5749688,1,1
2025-09-11 13:30:00+00:00,,0.28985578,0,0
2025-09-11 13:45:00+00:00,,0.22417867,0,0
2025-09-11 14:00:00+00:00,,0.078906216,0,0
2025-09-11 14:15:00+00:00,,0.07641539,0,0
2025-09-11 14:30:00+00:00,,0.021745432,0,0
2025-09-11 14:45:00+00:00,,0.02228976,0,0
2025-09-11 15:00:00+00:00,,0.017432092,0,0
2025-09-11 15:15:00+00:00,,0.02896238,0,0
2025-09-11 15:30:00+00:00,,0.012973293,0,0
2025-09-11 15:45:00+00:00,,0.024113383,0,0
2025-09-11 16:00:00+00:00,,0.048645448,0,0
2025-09-11 16:15:00+00:00,,0.09987347,0,0
2025-09-11 16:30:00+00:00,,0.90827626,1,1
2025-09-11 16:45:00+00:00,,0.92075545,1,1
2025-09-11 17:00:00+00:00,,0.09969089,0,0
2025-09-11 17:15:00+00:00,,0.018551117,0,0
2025-09-11 17:30:00+00:00,,0.07773875,0,0
2025-09-11 17:45:00+00:00,,0.04126898,0,0
2025-09-11 18:00:00+00:00,,0.022670083,0,0
2025-09-11 18:15:00+00:00,,0.037048753,0,0
2025-09-11 18:30:00+00:00,,0.06750427,0,0
2025-09-11 18:45:00+00:00,,0.04364335,0,0
2025-09-11 19:00:00+00:00,,0.014970103,0,0
2025-09-11 19:15:00+00:00,,0.07914012,0,0
2025-09-11 19:30:00+00:00,,0.1375708,0,0
2025-09-11 19:45:00+00:00,,0.022812482,0,0
2025-09-11 20:00:00+00:00,,0.014615422,0,0
2025-09-11 20:15:00+00:00,,0.051862113,0,0
2025-09-11 20:30:00+00:00,,0.013559897,0,0
2025-09-11 20:45:00+00:00,,0.014182956,0,0
2025-09-11 21:00:00+00:00,,0.07693383,0,0
2025-09-11 21:15:00+00:00,,0.41316703,0,0
2025-09-11 21:30:00+00:00,,0.1550273,0,0
2025-09-11 21:45:00+00:00,,0.09775572,0,0
2025-09-11 22:00:00+00:00,,0.17410043,0,0
2025-09-11 22:15:00+00:00,,0.08832608,0,0
2025-09-11 22:30:00+00:00,,0.18532838,0,0
2025-09-11 22:45:00+00:00,,0.062285446,0,0
2025-09-11 23:00:00+00:00,,0.11360105,0,0
2025-09-11 23:15:00+00:00,,0.0809127,0,0
2025-09-11 23:30:00+00:00,,0.07840369,0,0
2025-09-11 23:45:00+00:00,,0.3365069,0,0
2025-09-12 08:00:00+00:00,,0.939219,1,1
2025-09-12 08:15:00+00:00,,0.93711674,1,1
2025-09-12 08:30:00+00:00,,0.9571726,1,1
2025-09-12 08:45:00+00:00,,0.8783346,1,1
2025-09-12 09:00:00+00:00,,0.44031614,0,0
2025-09-12 09:15:00+00:00,,0.33065003,0,0
2025-09-12 09:30:00+00:00,,0.10488492,0,0
2025-09-12 09:45:00+00:00,,0.14438231,0,0
2025-09-12 10:00:00+00:00,,0.6484625,1,1
2025-09-12 10:15:00+00:00,,0.66266024,1,1
2025-09-12 10:30:00+00:00,,0.4162478,0,0
2025-09-12 10:45:00+00:00,,0.44369107,0,0
2025-09-12 11:00:00+00:00,,0.6702287,1,1
2025-09-12 11:15:00+00:00,,0.35699916,0,0
2025-09-12 11:30:00+00:00,,0.20803699,0,0
2025-09-12 11:45:00+00:00,,0.058912862,0,0
2025-09-12 12:00:00+00:00,,0.27594548,0,0
2025-09-12 12:15:00+00:00,,0.028802615,0,0
2025-09-12 12:30:00+00:00,,0.53821594,1,0
2025-09-12 12:45:00+00:00,,0.050884485,0,0
2025-09-12 13:00:00+00:00,,0.032879394,0,0
2025-09-12 13:15:00+00:00,,0.13137326,0,0
2025-09-12 13:30:00+00:00,,0.93392015,1,1
2025-09-12 13:45:00+00:00,,0.9477186,1,1
2025-09-12 14:00:00+00:00,,0.9604906,1,1
2025-09-12 14:15:00+00:00,,0.0470209,0,0
2025-09-12 14:30:00+00:00,,0.031509906,0,0
2025-09-12 14:45:00+00:00,,0.011742475,0,0
2025-09-12 15:00:00+00:00,,0.034052633,0,0
2025-09-12 15:15:00+00:00,,0.0155292945,0,0
2025-09-12 15:30:00+00:00,,0.044621546,0,0
2025-09-12 15:45:00+00:00,,0.08026336,0,0
2025-09-12 16:00:00+00:00,,0.08945549,0,0
2025-09-12 16:15:00+00:00,,0.04813559,0,0
2025-09-12 16:30:00+00:00,,0.018030906,0,0
2025-09-12 16:45:00+00:00,,0.002980643,0,0
2025-09-12 17:00:00+00:00,,0.025608102,0,0
2025-09-12 17:15:00+00:00,,0.021601103,0,0
2025-09-12 17:30:00+00:00,,0.015596557,0,0
2025-09-12 17:45:00+00:00,,0.009087493,0,0
2025-09-12 18:00:00+00:00,,0.024384433,0,0
2025-09-12 18:15:00+00:00,,0.03248158,0,0
2025-09-12 18:30:00+00:00,,0.015841674,0,0
2025-09-12 18:45:00+00:00,,0.017772647,0,0
2025-09-12 19:00:00+00:00,,0.041013654,0,0
2025-09-12 19:15:00+00:00,,0.015583888,0,0
2025-09-12 19:30:00+00:00,,0.014820819,0,0
2025-09-12 19:45:00+00:00,,0.011597903,0,0
2025-09-12 20:00:00+00:00,,0.23209634,0,0
2025-09-12 20:15:00+00:00,,0.016354881,0,0
2025-09-12 20:30:00+00:00,,0.09296786,0,0
2025-09-12 20:45:00+00:00,,0.0067551145,0,0
2025-09-12 21:00:00+00:00,,0.0073724217,0,0
2025-09-12 21:15:00+00:00,,0.0062489887,0,0
2025-09-12 21:30:00+00:00,,0.13059746,0,0
2025-09-12 21:45:00+00:00,,0.14899342,0,0
2025-09-12 22:00:00+00:00,,0.24630927,0,0
2025-09-12 22:15:00+00:00,,0.08385707,0,0
2025-09-12 22:30:00+00:00,,0.30498195,0,0
2025-09-12 22:45:00+00:00,,0.24820055,0,0
2025-09-12 23:00:00+00:00,,0.9404994,1,1
2025-09-12 23:15:00+00:00,,0.9363923,1,1
2025-09-12 23:30:00+00:00,,0.9167995,1,1
2025-09-12 23:45:00+00:00,,0.96329725,1,1
2025-09-15 08:00:00+00:00,,0.22197558,0,0
2025-09-15 08:15:00+00:00,,0.104589045,0,0
2025-09-15 08:30:00+00:00,,0.34792593,0,0
2025-09-15 08:45:00+00:00,,0.27897632,0,0
2025-09-15 09:00:00+00:00,,0.2046826,0,0
2025-09-15 09:15:00+00:00,,0.7501703,1,1
2025-09-15 09:30:00+00:00,,0.47436595,0,0
2025-09-15 09:45:00+00:00,,0.021477325,0,0
2025-09-15 10:00:00+00:00,,0.026491445,0,0
2025-09-15 10:15:00+00:00,,0.08043665,0,0
2025-09-15 10:30:00+00:00,,0.035810106,0,0
2025-09-15 10:45:00+00:00,,0.052934792,0,0
2025-09-15 11:00:00+00:00,,0.15720744,0,0
2025-09-15 11:15:00+00:00,,0.025377816,0,0
2025-09-15 11:30:00+00:00,,0.029993877,0,0
2025-09-15 11:45:00+00:00,,0.17154829,0,0
2025-09-15 12:00:00+00:00,,0.021552375,0,0
2025-09-15 12:15:00+00:00,,0.0628178,0,0
2025-09-15 12:30:00+00:00,,0.19637139,0,0
2025-09-15 12:45:00+00:00,,0.27715474,0,0
2025-09-15 13:00:00+00:00,,0.38287687,0,0
2025-09-15 13:15:00+00:00,,0.2259285,0,0
2025-09-15 13:30:00+00:00,,0.13452746,0,0
2025-09-15 13:45:00+00:00,,0.13481717,0,0
2025-09-15 14:00:00+00:00,,0.65901166,1,1
2025-09-15 14:15:00+00:00,,0.5199236,1,0
2025-09-15 14:30:00+00:00,,0.369737,0,0
2025-09-15 14:45:00+00:00,,0.112707324,0,0
2025-09-15 15:00:00+00:00,,0.6122854,1,1
2025-09-15 15:15:00+00:00,,0.27959555,0,0
2025-09-15 15:30:00+00:00,,0.26622432,0,0
2025-09-15 15:45:00+00:00,,0.4122643,0,0
2025-09-15 16:00:00+00:00,,0.041914485,0,0
2025-09-15 16:15:00+00:00,,0.22146381,0,0
2025-09-15 16:30:00+00:00,,0.64604205,1,1
2025-09-02 08:00:00+00:00,,0.5045168,1,0
2025-09-02 08:15:00+00:00,,0.22305305,0,0
2025-09-02 08:30:00+00:00,,0.06484391,0,0
2025-09-02 08:45:00+00:00,,0.0876029,0,0
2025-09-02 09:00:00+00:00,,0.16249597,0,0
2025-09-02 09:15:00+00:00,,0.03809047,0,0
2025-09-02 09:30:00+00:00,,0.03950799,0,0
2025-09-02 09:45:00+00:00,,0.061614443,0,0
2025-09-02 10:00:00+00:00,,0.068136185,0,0
2025-09-02 10:15:00+00:00,,0.072561,0,0
2025-09-02 10:30:00+00:00,,0.053226918,0,0
2025-09-02 10:45:00+00:00,,0.037312232,0,0
2025-09-02 11:00:00+00:00,,0.04505755,0,0
2025-09-02 11:15:00+00:00,,0.020387074,0,0
2025-09-02 11:30:00+00:00,,0.040953446,0,0
2025-09-02 11:45:00+00:00,,0.056238357,0,0
2025-09-02 12:00:00+00:00,,0.09980778,0,0
2025-09-02 12:15:00+00:00,,0.029661808,0,0
2025-09-02 12:30:00+00:00,,0.0752437,0,0
2025-09-02 12:45:00+00:00,,0.004152393,0,0
2025-09-02 13:00:00+00:00,,0.017449358,0,0
2025-09-02 13:15:00+00:00,,0.0087641375,0,0
2025-09-02 13:30:00+00:00,,0.0026431396,0,0
2025-09-02 13:45:00+00:00,,0.022946967,0,0
2025-09-02 14:00:00+00:00,,0.022259934,0,0
2025-09-02 14:15:00+00:00,,0.11617031,0,0
2025-09-02 14:30:00+00:00,,0.10362166,0,0
2025-09-02 14:45:00+00:00,,0.05818072,0,0
2025-09-02 15:00:00+00:00,,0.36260727,0,0
2025-09-02 15:15:00+00:00,,0.07412412,0,0
2025-09-02 15:30:00+00:00,,0.07138796,0,0
2025-09-02 15:45:00+00:00,,0.32971185,0,0
2025-09-02 16:00:00+00:00,,0.19281322,0,0
2025-09-02 16:15:00+00:00,,0.10000678,0,0
2025-09-02 16:30:00+00:00,,0.1943744,0,0
2025-09-02 16:45:00+00:00,,0.013176612,0,0
2025-09-02 17:00:00+00:00,,0.007606553,0,0
2025-09-02 17:15:00+00:00,,0.016369078,0,0
2025-09-02 17:30:00+00:00,,0.039816905,0,0
2025-09-02 17:45:00+00:00,,0.034717698,0,0
2025-09-02 18:00:00+00:00,,0.016899902,0,0
2025-09-02 18:15:00+00:00,,0.09964111,0,0
2025-09-02 18:30:00+00:00,,0.0557097,0,0
2025-09-02 18:45:00+00:00,,0.108625785,0,0
2025-09-02 19:00:00+00:00,,0.090262294,0,0
2025-09-02 19:15:00+00:00,,0.113855086,0,0
2025-09-02 19:30:00+00:00,,0.04496689,0,0
2025-09-02 19:45:00+00:00,,0.011261432,0,0
2025-09-02 20:00:00+00:00,,0.021287337,0,0
2025-09-02 20:15:00+00:00,,0.053847887,0,0
2025-09-02 20:30:00+00:00,,0.008072664,0,0
2025-09-02 20:45:00+00:00,,0.0031946325,0,0
2025-09-02 21:00:00+00:00,,0.011313706,0,0
2025-09-02 21:15:00+00:00,,0.09755387,0,0
2025-09-02 21:30:00+00:00,,0.030778736,0,0
2025-09-02 21:45:00+00:00,,0.009944039,0,0
2025-09-02 22:00:00+00:00,,0.0041375603,0,0
2025-09-02 22:15:00+00:00,,0.123542935,0,0
2025-09-02 22:30:00+00:00,,0.30275443,0,0
2025-09-02 22:45:00+00:00,,0.077943705,0,0
2025-09-02 23:00:00+00:00,,0.69661725,1,1
2025-09-02 23:15:00+00:00,,0.29619065,0,0
2025-09-02 23:30:00+00:00,,0.42717922,0,0
2025-09-02 23:45:00+00:00,,0.044276603,0,0
2025-09-03 08:00:00+00:00,,0.047162928,0,0
2025-09-03 08:15:00+00:00,,0.21515642,0,0
2025-09-03 08:30:00+00:00,,0.9455988,1,1
2025-09-03 08:45:00+00:00,,0.44170505,0,0
2025-09-03 09:00:00+00:00,,0.80328894,1,1
2025-09-03 09:15:00+00:00,,0.7719894,1,1
2025-09-03 09:30:00+00:00,,0.57916874,1,1
2025-09-03 09:45:00+00:00,,0.64984536,1,1
2025-09-03 10:00:00+00:00,,0.05160601,0,0
2025-09-03 10:15:00+00:00,,0.4168834,0,0
2025-09-03 10:30:00+00:00,,0.294042,0,0
2025-09-03 10:45:00+00:00,,0.34601378,0,0
2025-09-03 11:00:00+00:00,,0.21854813,0,0
2025-09-03 11:15:00+00:00,,0.1325056,0,0
2025-09-03 11:30:00+00:00,,0.11066399,0,0
2025-09-03 11:45:00+00:00,,0.17746896,0,0
2025-09-03 12:00:00+00:00,,0.75300777,1,1
2025-09-03 12:15:00+00:00,,0.21265283,0,0
2025-09-03 12:30:00+00:00,,0.6668176,1,1
2025-09-03 12:45:00+00:00,,0.361487,0,0
2025-09-03 13:00:00+00:00,,0.52968156,1,0
2025-09-03 13:15:00+00:00,,0.52587944,1,0
2025-09-03 13:30:00+00:00,,0.8141464,1,1
2025-09-03 13:45:00+00:00,,0.8855588,1,1
2025-09-03 14:00:00+00:00,,0.938423,1,1
2025-09-03 14:15:00+00:00,,0.9206036,1,1
2025-09-03 14:30:00+00:00,,0.41008922,0,0
2025-09-03 14:45:00+00:00,,0.15851158,0,0
2025-09-03 15:00:00+00:00,,0.25060177,0,0
2025-09-03 15:15:00+00:00,,0.13491228,0,0
2025-09-03 15:30:00+00:00,,0.124774836,0,0
2025-09-03 15:45:00+00:00,,0.07683748,0,0
2025-09-03 16:00:00+00:00,,0.32789317,0,0
2025-09-03 16:15:00+00:00,,0.3156887,0,0
2025-09-03 16:30:00+00:00,,0.033215575,0,0
2025-09-03 16:45:00+00:00,,0.21217598,0,0
2025-09-03 17:00:00+00:00,,0.19277522,0,0
2025-09-03 17:15:00+00:00,,0.14202352,0,0
2025-09-03 17:30:00+00:00,,0.069719754,0,0
2025-09-03 17:45:00+00:00,,0.5388631,1,0
2025-09-03 18:00:00+00:00,,0.48052007,0,0
2025-09-03 18:15:00+00:00,,0.047378894,0,0
2025-09-03 18:30:00+00:00,,0.018132742,0,0
2025-09-03 18:45:00+00:00,,0.020497365,0,0
2025-09-03 19:00:00+00:00,,0.00858927,0,0
2025-09-03 19:15:00+00:00,,0.062309444,0,0
2025-09-03 19:30:00+00:00,,0.11052102,0,0
2025-09-03 19:45:00+00:00,,0.033104856,0,0
2025-09-03 20:00:00+00:00,,0.018687952,0,0
2025-09-03 20:15:00+00:00,,0.00898272,0,0
2025-09-03 20:30:00+00:00,,0.0040375693,0,0
2025-09-03 20:45:00+00:00,,0.0705363,0,0
2025-09-03 21:00:00+00:00,,0.016148485,0,0
2025-09-03 21:15:00+00:00,,0.004572067,0,0
2025-09-03 21:30:00+00:00,,0.02006468,0,0
2025-09-03 21:45:00+00:00,,0.03708055,0,0
2025-09-03 22:00:00+00:00,,0.03138811,0,0
2025-09-03 22:15:00+00:00,,0.12756442,0,0
2025-09-03 22:30:00+00:00,,0.01071105,0,0
2025-09-03 22:45:00+00:00,,0.06097423,0,0
2025-09-03 23:00:00+00:00,,0.9688918,1,1
2025-09-03 23:15:00+00:00,,0.8744283,1,1
2025-09-03 23:30:00+00:00,,0.9199256,1,1
2025-09-03 23:45:00+00:00,,0.3020767,0,0
2025-09-04 08:00:00+00:00,,0.27342784,0,0
2025-09-04 08:15:00+00:00,,0.23274153,0,0
2025-09-04 08:30:00+00:00,,0.23261186,0,0
2025-09-04 08:45:00+00:00,,0.22026557,0,0
2025-09-04 09:00:00+00:00,,0.31619304,0,0
2025-09-04 09:15:00+00:00,,0.09284148,0,0
2025-09-04 09:30:00+00:00,,0.17933667,0,0
2025-09-04 09:45:00+00:00,,0.31473976,0,0
2025-09-04 10:00:00+00:00,,0.6110208,1,1
2025-09-04 10:15:00+00:00,,0.15289381,0,0
2025-09-04 10:30:00+00:00,,0.5329108,1,0
2025-09-04 10:45:00+00:00,,0.5071108,1,0
2025-09-04 11:00:00+00:00,,0.091498196,0,0
2025-09-04 11:15:00+00:00,,0.03469833,0,0
2025-09-04 11:30:00+00:00,,0.28450796,0,0
2025-09-04 11:45:00+00:00,,0.04262898,0,0
2025-09-04 12:00:00+00:00,,0.42435607,0,0
2025-09-04 12:15:00+00:00,,0.10137892,0,0
2025-09-04 12:30:00+00:00,,0.24211252,0,0
2025-09-04 12:45:00+00:00,,0.40576184,0,0
2025-09-04 13:00:00+00:00,,0.66084874,1,1
2025-09-04 13:15:00+00:00,,0.36284286,0,0
2025-09-04 13:30:00+00:00,,0.13372672,0,0
2025-09-04 13:45:00+00:00,,0.04767423,0,0
2025-09-04 14:00:00+00:00,,0.04470562,0,0
2025-09-04 14:15:00+00:00,,0.0254807,0,0
2025-09-04 14:30:00+00:00,,0.6836077,1,1
2025-09-04 14:45:00+00:00,,0.016310807,0,0
2025-09-04 15:00:00+00:00,,0.07621632,0,0
2025-09-04 15:15:00+00:00,,0.009260236,0,0
2025-09-04 15:30:00+00:00,,0.019499099,0,0
2025-09-04 15:45:00+00:00,,0.04073022,0,0
2025-09-04 16:00:00+00:00,,0.0056842165,0,0
2025-09-04 16:15:00+00:00,,0.8091846,1,1
2025-09-04 16:30:00+00:00,,0.10193502,0,0
2025-09-04 16:45:00+00:00,,0.08781658,0,0
2025-09-04 17:00:00+00:00,,0.027529819,0,0
2025-09-04 17:15:00+00:00,,0.022875793,0,0
2025-09-04 17:30:00+00:00,,0.23873816,0,0
2025-09-04 17:45:00+00:00,,0.12319955,0,0
2025-09-04 18:00:00+00:00,,0.9169072,1,1
2025-09-04 18:15:00+00:00,,0.32798752,0,0
2025-09-04 18:30:00+00:00,,0.44696364,0,0
2025-09-04 18:45:00+00:00,,0.8016653,1,1
2025-09-04 19:00:00+00:00,,0.18079212,0,0
2025-09-04 19:15:00+00:00,,0.91523474,1,1
2025-09-04 19:30:00+00:00,,0.0708771,0,0
2025-09-04 19:45:00+00:00,,0.075904205,0,0
2025-09-04 20:00:00+00:00,,0.19195038,0,0
2025-09-04 20:15:00+00:00,,0.2741948,0,0
2025-09-04 20:30:00+00:00,,0.614405,1,1
2025-09-04 20:45:00+00:00,,0.05775675,0,0
2025-09-04 21:00:00+00:00,,0.2712598,0,0
2025-09-04 21:15:00+00:00,,0.008122842,0,0
2025-09-04 21:30:00+00:00,,0.038680118,0,0
2025-09-04 21:45:00+00:00,,0.056954432,0,0
2025-09-04 22:00:00+00:00,,0.34344047,0,0
2025-09-04 22:15:00+00:00,,0.7275879,1,1
2025-09-04 22:30:00+00:00,,0.796752,1,1
2025-09-04 22:45:00+00:00,,0.4427271,0,0
2025-09-04 23:00:00+00:00,,0.95612997,1,1
2025-09-04 23:15:00+00:00,,0.91120946,1,1
2025-09-04 23:30:00+00:00,,0.9619855,1,1
2025-09-04 23:45:00+00:00,,0.8218477,1,1
2025-09-05 08:00:00+00:00,,0.74114484,1,1
2025-09-05 08:15:00+00:00,,0.9333797,1,1
2025-09-05 08:30:00+00:00,,0.9160826,1,1
2025-09-05 08:45:00+00:00,,0.2521487,0,0
2025-09-05 09:00:00+00:00,,0.17724441,0,0
2025-09-05 09:15:00+00:00,,0.2340483,0,0
2025-09-05 09:30:00+00:00,,0.05555089,0,0
2025-09-05 09:45:00+00:00,,0.17521317,0,0
2025-09-05 10:00:00+00:00,,0.2582477,0,0
2025-09-05 10:15:00+00:00,,0.49706352,0,0
2025-09-05 10:30:00+00:00,,0.687483,1,1
2025-09-05 10:45:00+00:00,,0.24032831,0,0
2025-09-05 11:00:00+00:00,,0.18821406,0,0
2025-09-05 11:15:00+00:00,,0.2477899,0,0
2025-09-05 11:30:00+00:00,,0.19714001,0,0
2025-09-05 11:45:00+00:00,,0.4685523,0,0
2025-09-05 12:00:00+00:00,,0.13375394,0,0
2025-09-05 12:15:00+00:00,,0.17500547,0,0
2025-09-05 12:30:00+00:00,,0.76194155,1,1
2025-09-05 12:45:00+00:00,,0.3475237,0,0
2025-09-05 13:00:00+00:00,,0.17303601,0,0
2025-09-05 13:15:00+00:00,,0.37706828,0,0
2025-09-05 13:30:00+00:00,,0.315203,0,0
2025-09-05 13:45:00+00:00,,0.26783425,0,0
2025-09-05 14:00:00+00:00,,0.016760947,0,0
2025-09-05 14:15:00+00:00,,0.26442224,0,0
2025-09-05 14:30:00+00:00,,0.8909854,1,1
2025-09-05 14:45:00+00:00,,0.21728714,0,0
2025-09-05 15:00:00+00:00,,0.07602499,0,0
2025-09-05 15:15:00+00:00,,0.34548792,0,0
2025-09-05 15:30:00+00:00,,0.036894467,0,0
2025-09-05 15:45:00+00:00,,0.95785177,1,1
2025-09-05 16:00:00+00:00,,0.96666235,1,1
2025-09-05 16:15:00+00:00,,0.96149707,1,1
2025-09-05 16:30:00+00:00,,0.9155021,1,1
2025-09-05 16:45:00+00:00,,0.5794903,1,1
2025-09-05 17:00:00+00:00,,0.018464888,0,0
2025-09-05 17:15:00+00:00,,0.003838361,0,0
2025-09-05 17:30:00+00:00,,0.028813148,0,0
2025-09-05 17:45:00+00:00,,0.042370964,0,0
2025-09-05 18:00:00+00:00,,0.04022267,0,0
2025-09-05 18:15:00+00:00,,0.118092924,0,0
2025-09-05 18:30:00+00:00,,0.40207285,0,0
2025-09-05 18:45:00+00:00,,0.95851654,1,1
2025-09-05 19:00:00+00:00,,0.53756297,1,0
2025-09-05 19:15:00+00:00,,0.22784404,0,0
2025-09-05 19:30:00+00:00,,0.20587313,0,0
2025-09-05 19:45:00+00:00,,0.21111608,0,0
2025-09-05 20:00:00+00:00,,0.25891927,0,0
2025-09-05 20:15:00+00:00,,0.39917624,0,0
2025-09-05 20:30:00+00:00,,0.03490461,0,0
2025-09-05 20:45:00+00:00,,0.06269792,0,0
2025-09-05 21:00:00+00:00,,0.07367445,0,0
2025-09-05 21:15:00+00:00,,0.04644431,0,0
2025-09-05 21:30:00+00:00,,0.33156648,0,0
2025-09-05 21:45:00+00:00,,0.3977731,0,0
2025-09-05 22:00:00+00:00,,0.69773805,1,1
2025-09-05 22:15:00+00:00,,0.43281105,0,0
2025-09-05 22:30:00+00:00,,0.41237438,0,0
2025-09-05 22:45:00+00:00,,0.61344016,1,1
2025-09-05 23:00:00+00:00,,0.8642369,1,1
2025-09-05 23:15:00+00:00,,0.98862714,1,1
2025-09-05 23:30:00+00:00,,0.93853056,1,1
2025-09-05 23:45:00+00:00,,0.96714234,1,1
2025-09-08 08:00:00+00:00,,0.18761669,0,0
2025-09-08 08:15:00+00:00,,0.2798556,0,0
2025-09-08 08:30:00+00:00,,0.2088064,0,0
2025-09-08 08:45:00+00:00,,0.55106205,1,1
2025-09-08 09:00:00+00:00,,0.5004826,1,0
2025-09-08 09:15:00+00:00,,0.14362855,0,0
2025-09-08 09:30:00+00:00,,0.3256733,0,0
2025-09-08 09:45:00+00:00,,0.16430381,0,0
2025-09-08 10:00:00+00:00,,0.2095026,0,0
2025-09-08 10:15:00+00:00,,0.13531591,0,0
2025-09-08 10:30:00+00:00,,0.1436823,0,0
2025-09-08 10:45:00+00:00,,0.14408661,0,0
2025-09-08 11:00:00+00:00,,0.15359879,0,0
2025-09-08 11:15:00+00:00,,0.15427582,0,0
2025-09-08 11:30:00+00:00,,0.08078221,0,0
2025-09-08 11:45:00+00:00,,0.079491496,0,0
2025-09-08 12:00:00+00:00,,0.28408855,0,0
2025-09-08 12:15:00+00:00,,0.060938332,0,0
2025-09-08 12:30:00+00:00,,0.06373753,0,0
2025-09-08 12:45:00+00:00,,0.07194789,0,0
2025-09-08 13:00:00+00:00,,0.04176722,0,0
2025-09-08 13:15:00+00:00,,0.038066786,0,0
2025-09-08 13:30:00+00:00,,0.15070987,0,0
2025-09-08 13:45:00+00:00,,0.3542501,0,0
2025-09-08 14:00:00+00:00,,0.15865062,0,0
2025-09-08 14:15:00+00:00,,0.23479275,0,0
2025-09-08 14:30:00+00:00,,0.044288386,0,0
2025-09-08 14:45:00+00:00,,0.0144802015,0,0
2025-09-08 15:00:00+00:00,,0.012084943,0,0
2025-09-08 15:15:00+00:00,,0.0748166,0,0
2025-09-08 15:30:00+00:00,,0.010170694,0,0
2025-09-08 15:45:00+00:00,,0.034487654,0,0
2025-09-08 16:00:00+00:00,,0.03431012,0,0
2025-09-08 16:15:00+00:00,,0.010335109,0,0
2025-09-08 16:30:00+00:00,,0.014986087,0,0
2025-09-08 16:45:00+00:00,,0.00651013,0,0
2025-09-08 17:00:00+00:00,,0.052818533,0,0
2025-09-08 17:15:00+00:00,,0.020226397,0,0
2025-09-08 17:30:00+00:00,,0.0059644068,0,0
2025-09-08 17:45:00+00:00,,0.0060630594,0,0
2025-09-08 18:00:00+00:00,,0.00454903,0,0
2025-09-08 18:15:00+00:00,,0.0039922404,0,0
2025-09-08 18:30:00+00:00,,0.0056262966,0,0
2025-09-08 18:45:00+00:00,,0.0022091223,0,0
2025-09-08 19:00:00+00:00,,0.003498955,0,0
2025-09-08 19:15:00+00:00,,0.0050615347,0,0
2025-09-08 19:30:00+00:00,,0.008892267,0,0
2025-09-08 19:45:00+00:00,,0.0038212026,0,0
2025-09-08 20:00:00+00:00,,0.0014086028,0,0
2025-09-08 20:15:00+00:00,,0.013148795,0,0
2025-09-08 20:30:00+00:00,,0.034738705,0,0
2025-09-08 20:45:00+00:00,,0.0035925359,0,0
2025-09-08 21:00:00+00:00,,0.0012267734,0,0
2025-09-08 21:15:00+00:00,,0.0029761344,0,0
2025-09-08 21:30:00+00:00,,0.015213233,0,0
2025-09-08 21:45:00+00:00,,0.09851871,0,0
2025-09-08 22:00:00+00:00,,0.008191187,0,0
2025-09-08 22:15:00+00:00,,0.0032802909,0,0
2025-09-08 22:30:00+00:00,,0.0044865888,0,0
2025-09-08 22:45:00+00:00,,0.054317344,0,0
2025-09-08 23:00:00+00:00,,0.30223632,0,0
2025-09-08 23:15:00+00:00,,0.94771504,1,1
2025-09-08 23:30:00+00:00,,0.95038635,1,1
2025-09-08 23:45:00+00:00,,0.9509811,1,1
2025-09-09 08:00:00+00:00,,0.5201533,1,0
2025-09-09 08:15:00+00:00,,0.078929886,0,0
2025-09-09 08:30:00+00:00,,0.57895744,1,1
2025-09-09 08:45:00+00:00,,0.40331414,0,0
2025-09-09 09:00:00+00:00,,0.2009612,0,0
2025-09-09 09:15:00+00:00,,0.42357987,0,0
2025-09-09 09:30:00+00:00,,0.042172465,0,0
2025-09-09 09:45:00+00:00,,0.16746403,0,0
2025-09-09 10:00:00+00:00,,0.03159721,0,0
2025-09-09 10:15:00+00:00,,0.03226716,0,0
2025-09-09 10:30:00+00:00,,0.17251869,0,0
2025-09-09 10:45:00+00:00,,0.20620392,0,0
2025-09-09 11:00:00+00:00,,0.04030083,0,0
2025-09-09 11:15:00+00:00,,0.23686776,0,0
2025-09-09 11:30:00+00:00,,0.10730793,0,0
2025-09-09 11:45:00+00:00,,0.0444873,0,0
2025-09-09 12:00:00+00:00,,0.21092834,0,0
2025-09-09 12:15:00+00:00,,0.14800629,0,0
2025-09-09 12:30:00+00:00,,0.086670145,0,0
2025-09-09 12:45:00+00:00,,0.117812775,0,0
2025-09-09 13:00:00+00:00,,0.27315703,0,0
2025-09-09 13:15:00+00:00,,0.017879425,0,0
2025-09-09 13:30:00+00:00,,0.08541233,0,0
2025-09-09 13:45:00+00:00,,0.30627576,0,0
2025-09-09 14:00:00+00:00,,0.20588867,0,0
2025-09-09 14:15:00+00:00,,0.13150598,0,0
2025-09-09 14:30:00+00:00,,0.09281833,0,0
2025-09-09 14:45:00+00:00,,0.6499074,1,1
2025-09-09 15:00:00+00:00,,0.94070625,1,1
2025-09-09 15:15:00+00:00,,0.08955964,0,0
2025-09-09 15:30:00+00:00,,0.06865681,0,0
2025-09-09 15:45:00+00:00,,0.006103,0,0
2025-09-09 16:00:00+00:00,,0.027604673,0,0
2025-09-09 16:15:00+00:00,,0.01571496,0,0
2025-09-09 16:30:00+00:00,,0.013009325,0,0
2025-09-09 16:45:00+00:00,,0.026439065,0,0
2025-09-09 17:00:00+00:00,,0.02312366,0,0
2025-09-09 17:15:00+00:00,,0.043629747,0,0
2025-09-09 17:30:00+00:00,,0.04193036,0,0
2025-09-09 17:45:00+00:00,,0.0063006375,0,0
2025-09-09 18:00:00+00:00,,0.049133714,0,0
2025-09-09 18:15:00+00:00,,0.024127172,0,0
2025-09-09 18:30:00+00:00,,0.03455042,0,0
2025-09-09 18:45:00+00:00,,0.017232923,0,0
2025-09-09 19:00:00+00:00,,0.021995446,0,0
2025-09-09 19:15:00+00:00,,0.014157337,0,0
2025-09-09 19:30:00+00:00,,0.027138313,0,0
2025-09-09 19:45:00+00:00,,0.0051934337,0,0
2025-09-09 20:00:00+00:00,,0.004818431,0,0
2025-09-09 20:15:00+00:00,,0.15647335,0,0
2025-09-09 20:30:00+00:00,,0.071537375,0,0
2025-09-09 20:45:00+00:00,,0.0038795902,0,0
2025-09-09 21:00:00+00:00,,0.0030090327,0,0
2025-09-09 21:15:00+00:00,,0.1121799,0,0
2025-09-09 21:30:00+00:00,,0.059995204,0,0
2025-09-09 21:45:00+00:00,,0.063679405,0,0
2025-09-09 22:00:00+00:00,,0.085246526,0,0
2025-09-09 22:15:00+00:00,,0.05674106,0,0
2025-09-09 22:30:00+00:00,,0.04408388,0,0
2025-09-09 22:45:00+00:00,,0.07722885,0,0
2025-09-09 23:00:00+00:00,,0.88230246,1,1
2025-09-09 23:15:00+00:00,,0.2098471,0,0
2025-09-09 23:30:00+00:00,,0.1400044,0,0
2025-09-09 23:45:00+00:00,,0.06359533,0,0
2025-09-10 08:00:00+00:00,,0.050987925,0,0
2025-09-10 08:15:00+00:00,,0.068244085,0,0
2025-09-10 08:30:00+00:00,,0.07783715,0,0
2025-09-10 08:45:00+00:00,,0.12945549,0,0
2025-09-10 09:00:00+00:00,,0.079548754,0,0
2025-09-10 09:15:00+00:00,,0.03168035,0,0
2025-09-10 09:30:00+00:00,,0.25360405,0,0
2025-09-10 09:45:00+00:00,,0.088307485,0,0
2025-09-10 10:00:00+00:00,,0.13724065,0,0
2025-09-10 10:15:00+00:00,,0.1259987,0,0
2025-09-10 10:30:00+00:00,,0.116273,0,0
2025-09-10 10:45:00+00:00,,0.09771517,0,0
2025-09-10 11:00:00+00:00,,0.2854175,0,0
2025-09-10 11:15:00+00:00,,0.11001642,0,0
2025-09-10 11:30:00+00:00,,0.08801566,0,0
2025-09-10 11:45:00+00:00,,0.20141402,0,0
2025-09-10 12:00:00+00:00,,0.30431768,0,0
2025-09-10 12:15:00+00:00,,0.047101513,0,0
2025-09-10 12:30:00+00:00,,0.26384002,0,0
2025-09-10 12:45:00+00:00,,0.16539255,0,0
2025-09-10 13:00:00+00:00,,0.30252498,0,0
2025-09-10 13:15:00+00:00,,0.5032822,1,0
2025-09-10 13:30:00+00:00,,0.93279845,1,1
2025-09-10 13:45:00+00:00,,0.9822765,1,1
2025-09-10 14:00:00+00:00,,0.96203053,1,1
2025-09-10 14:15:00+00:00,,0.899518,1,1
2025-09-10 14:30:00+00:00,,0.84829503,1,1
2025-09-10 14:45:00+00:00,,0.34927538,0,0
2025-09-10 15:00:00+00:00,,0.25936598,0,0
2025-09-10 15:15:00+00:00,,0.08640284,0,0
2025-09-10 15:30:00+00:00,,0.01766733,0,0
2025-09-10 15:45:00+00:00,,0.015775466,0,0
2025-09-10 16:00:00+00:00,,0.028696934,0,0
2025-09-10 16:15:00+00:00,,0.061404247,0,0
2025-09-10 16:30:00+00:00,,0.93084526,1,1
2025-09-10 16:45:00+00:00,,0.07093357,0,0
2025-09-10 17:00:00+00:00,,0.09461552,0,0
2025-09-10 17:15:00+00:00,,0.3603427,0,0
2025-09-10 17:30:00+00:00,,0.061773486,0,0
2025-09-10 17:45:00+00:00,,0.039612934,0,0
2025-09-10 18:00:00+00:00,,0.064153165,0,0
2025-09-10 18:15:00+00:00,,0.20708206,0,0
2025-09-10 18:30:00+00:00,,0.3363162,0,0
2025-09-10 18:45:00+00:00,,0.14356276,0,0
2025-09-10 19:00:00+00:00,,0.029809974,0,0
2025-09-10 19:15:00+00:00,,0.012898071,0,0
2025-09-10 19:30:00+00:00,,0.07371784,0,0
2025-09-10 19:45:00+00:00,,0.041094366,0,0
2025-09-10 20:00:00+00:00,,0.036380168,0,0
2025-09-10 20:15:00+00:00,,0.017759291,0,0
2025-09-10 20:30:00+00:00,,0.01099409,0,0
2025-09-10 20:45:00+00:00,,0.005083034,0,0
2025-09-10 21:00:00+00:00,,0.0060888673,0,0
2025-09-10 21:15:00+00:00,,0.0047996226,0,0
2025-09-10 21:30:00+00:00,,0.019021083,0,0
2025-09-10 21:45:00+00:00,,0.12621237,0,0
2025-09-10 22:00:00+00:00,,0.03703762,0,0
2025-09-10 22:15:00+00:00,,0.022148797,0,0
2025-09-10 22:30:00+00:00,,0.050234023,0,0
2025-09-10 22:45:00+00:00,,0.21380001,0,0
2025-09-10 23:00:00+00:00,,0.88460207,1,1
2025-09-10 23:15:00+00:00,,0.98817,1,1
2025-09-10 23:30:00+00:00,,0.9752626,1,1
2025-09-10 23:45:00+00:00,,0.44553643,0,0
2025-09-11 08:00:00+00:00,,0.23549442,0,0
2025-09-11 08:15:00+00:00,,0.8319888,1,1
2025-09-11 08:30:00+00:00,,0.88659686,1,1
2025-09-11 08:45:00+00:00,,0.3808801,0,0
2025-09-11 09:00:00+00:00,,0.16872105,0,0
2025-09-11 09:15:00+00:00,,0.11797808,0,0
2025-09-11 09:30:00+00:00,,0.022278814,0,0
2025-09-11 09:45:00+00:00,,0.021940144,0,0
2025-09-11 10:00:00+00:00,,0.036202498,0,0
2025-09-11 10:15:00+00:00,,0.12534328,0,0
2025-09-11 10:30:00+00:00,,0.1309613,0,0
2025-09-11 10:45:00+00:00,,0.11137268,0,0
2025-09-11 11:00:00+00:00,,0.22950096,0,0
2025-09-11 11:15:00+00:00,,0.2571021,0,0
2025-09-11 11:30:00+00:00,,0.13521822,0,0
2025-09-11 11:45:00+00:00,,0.09146179,0,0
2025-09-11 12:00:00+00:00,,0.41837877,0,0
2025-09-11 12:15:00+00:00,,0.2593822,0,0
2025-09-11 12:30:00+00:00,,0.4647807,0,0
2025-09-11 12:45:00+00:00,,0.16052377,0,0
2025-09-11 13:00:00+00:00,,0.30222127,0,0
2025-09-11 13:15:00+00:00,,0.16463852,0,0
2025-09-11 13:30:00+00:00,,0.9562827,1,1
2025-09-11 13:45:00+00:00,,0.92430526,1,1
2025-09-11 14:00:00+00:00,,0.9578746,1,1
2025-09-11 14:15:00+00:00,,0.9674146,1,1
2025-09-11 14:30:00+00:00,,0.8979209,1,1
2025-09-11 14:45:00+00:00,,0.92242503,1,1
2025-09-11 15:00:00+00:00,,0.1492367,0,0
2025-09-11 15:15:00+00:00,,0.14117764,0,0
2025-09-11 15:30:00+00:00,,0.25579864,0,0
2025-09-11 15:45:00+00:00,,0.067100346,0,0
2025-09-11 16:00:00+00:00,,0.07137521,0,0
2025-09-11 16:15:00+00:00,,0.9650644,1,1
2025-09-11 16:30:00+00:00,,0.9307118,1,1
2025-09-11 16:45:00+00:00,,0.9587605,1,1
2025-09-11 17:00:00+00:00,,0.9689892,1,1
2025-09-11 17:15:00+00:00,,0.12157967,0,0
2025-09-11 17:30:00+00:00,,0.093737714,0,0
2025-09-11 17:45:00+00:00,,0.05056952,0,0
2025-09-11 18:00:00+00:00,,0.11219173,0,0
2025-09-11 18:15:00+00:00,,0.045057595,0,0
2025-09-11 18:30:00+00:00,,0.23225905,0,0
2025-09-11 18:45:00+00:00,,0.19618224,0,0
2025-09-11 19:00:00+00:00,,0.9533338,1,1
2025-09-11 19:15:00+00:00,,0.33445966,0,0
2025-09-11 19:30:00+00:00,,0.9238268,1,1
2025-09-11 19:45:00+00:00,,0.11102552,0,0
2025-09-11 20:00:00+00:00,,0.45991153,0,0
2025-09-11 20:15:00+00:00,,0.047220744,0,0
2025-09-11 20:30:00+00:00,,0.033450868,0,0
2025-09-11 20:45:00+00:00,,0.040819608,0,0
2025-09-11 21:00:00+00:00,,0.034263924,0,0
2025-09-11 21:15:00+00:00,,0.07837691,0,0
2025-09-11 21:30:00+00:00,,0.113594614,0,0
2025-09-11 21:45:00+00:00,,0.031492658,0,0
2025-09-11 22:00:00+00:00,,0.039788775,0,0
2025-09-11 22:15:00+00:00,,0.105697304,0,0
2025-09-11 22:30:00+00:00,,0.11183179,0,0
2025-09-11 22:45:00+00:00,,0.9211981,1,1
2025-09-11 23:00:00+00:00,,0.18800819,0,0
2025-09-11 23:15:00+00:00,,0.08003505,0,0
2025-09-11 23:30:00+00:00,,0.09325654,0,0
2025-09-11 23:45:00+00:00,,0.5879519,1,1
2025-09-12 08:00:00+00:00,,0.9446321,1,1
2025-09-12 08:15:00+00:00,,0.84316295,1,1
2025-09-12 08:30:00+00:00,,0.8594393,1,1
2025-09-12 08:45:00+00:00,,0.09687509,0,0
2025-09-12 09:00:00+00:00,,0.21965767,0,0
2025-09-12 09:15:00+00:00,,0.28459743,0,0
2025-09-12 09:30:00+00:00,,0.07420169,0,0
2025-09-12 09:45:00+00:00,,0.04759052,0,0
2025-09-12 10:00:00+00:00,,0.13844813,0,0
2025-09-12 10:15:00+00:00,,0.27314058,0,0
2025-09-12 10:30:00+00:00,,0.6504402,1,1
2025-09-12 10:45:00+00:00,,0.29955447,0,0
2025-09-12 11:00:00+00:00,,0.042672206,0,0
2025-09-12 11:15:00+00:00,,0.067125544,0,0
2025-09-12 11:30:00+00:00,,0.03469463,0,0
2025-09-12 11:45:00+00:00,,0.9099723,1,1
2025-09-12 12:00:00+00:00,,0.3834976,0,0
2025-09-12 12:15:00+00:00,,0.35459462,0,0
2025-09-12 12:30:00+00:00,,0.2587673,0,0
2025-09-12 12:45:00+00:00,,0.36796293,0,0
2025-09-12 13:00:00+00:00,,0.20275804,0,0
2025-09-12 13:15:00+00:00,,0.5684281,1,1
2025-09-12 13:30:00+00:00,,0.96058685,1,1
2025-09-12 13:45:00+00:00,,0.97033095,1,1
2025-09-12 14:00:00+00:00,,0.96983474,1,1
2025-09-12 14:15:00+00:00,,0.24320005,0,0
2025-09-12 14:30:00+00:00,,0.4245875,0,0
2025-09-12 14:45:00+00:00,,0.9517938,1,1
2025-09-12 15:00:00+00:00,,0.9626815,1,1
2025-09-12 15:15:00+00:00,,0.96765,1,1
2025-09-12 15:30:00+00:00,,0.93381554,1,1
2025-09-12 15:45:00+00:00,,0.5572886,1,1
2025-09-12 16:00:00+00:00,,0.460331,0,0
2025-09-12 16:15:00+00:00,,0.16276382,0,0
2025-09-12 16:30:00+00:00,,0.5871231,1,1
2025-09-12 16:45:00+00:00,,0.41262504,0,0
2025-09-12 17:00:00+00:00,,0.56848997,1,1
2025-09-12 17:15:00+00:00,,0.29221863,0,0
2025-09-12 17:30:00+00:00,,0.12315764,0,0
2025-09-12 17:45:00+00:00,,0.16417608,0,0
2025-09-12 18:00:00+00:00,,0.17031808,0,0
2025-09-12 18:15:00+00:00,,0.21194701,0,0
2025-09-12 18:30:00+00:00,,0.1810855,0,0
2025-09-12 18:45:00+00:00,,0.947251,1,1
2025-09-12 19:00:00+00:00,,0.3732184,0,0
2025-09-12 19:15:00+00:00,,0.2477591,0,0
2025-09-12 19:30:00+00:00,,0.9130528,1,1
2025-09-12 19:45:00+00:00,,0.20765518,0,0
2025-09-12 20:00:00+00:00,,0.21088807,0,0
2025-09-12 20:15:00+00:00,,0.05134093,0,0
2025-09-12 20:30:00+00:00,,0.068448275,0,0
2025-09-12 20:45:00+00:00,,0.04025439,0,0
2025-09-12 21:00:00+00:00,,0.043855693,0,0
2025-09-12 21:15:00+00:00,,0.016465371,0,0
2025-09-12 21:30:00+00:00,,0.011910183,0,0
2025-09-12 21:45:00+00:00,,0.021722317,0,0
2025-09-12 22:00:00+00:00,,0.016478768,0,0
2025-09-12 22:15:00+00:00,,0.043949336,0,0
2025-09-12 22:30:00+00:00,,0.040501665,0,0
2025-09-12 22:45:00+00:00,,0.089674115,0,0
2025-09-12 23:00:00+00:00,,0.07638425,0,0
2025-09-12 23:15:00+00:00,,0.054295495,0,0
2025-09-12 23:30:00+00:00,,0.04969687,0,0
2025-09-12 23:45:00+00:00,,0.11064132,0,0
2025-09-15 08:00:00+00:00,,0.19841555,0,0
2025-09-15 08:15:00+00:00,,0.038392715,0,0
2025-09-15 08:30:00+00:00,,0.039650332,0,0
2025-09-15 08:45:00+00:00,,0.28749508,0,0
2025-09-15 09:00:00+00:00,,0.31551188,0,0
2025-09-15 09:15:00+00:00,,0.23318727,0,0
2025-09-15 09:30:00+00:00,,0.38087857,0,0
2025-09-15 09:45:00+00:00,,0.32174456,0,0
2025-09-15 10:00:00+00:00,,0.33338937,0,0
2025-09-15 10:15:00+00:00,,0.19526598,0,0
2025-09-15 10:30:00+00:00,,0.67015886,1,1
2025-09-15 10:45:00+00:00,,0.66803014,1,1
2025-09-15 11:00:00+00:00,,0.52706385,1,0
2025-09-15 11:15:00+00:00,,0.44915783,0,0
2025-09-15 11:30:00+00:00,,0.33014604,0,0
2025-09-15 11:45:00+00:00,,0.23827629,0,0
2025-09-15 12:00:00+00:00,,0.09317985,0,0
2025-09-15 12:15:00+00:00,,0.6156477,1,1
2025-09-15 12:30:00+00:00,,0.2104445,0,0
2025-09-15 12:45:00+00:00,,0.17939211,0,0
2025-09-15 13:00:00+00:00,,0.24516727,0,0
2025-09-15 13:15:00+00:00,,0.20696636,0,0
2025-09-15 13:30:00+00:00,,0.50579196,1,0
2025-09-15 13:45:00+00:00,,0.65388584,1,1
2025-09-15 14:00:00+00:00,,0.11512672,0,0
2025-09-15 14:15:00+00:00,,0.038108908,0,0
2025-09-15 14:30:00+00:00,,0.026298465,0,0
2025-09-15 14:45:00+00:00,,0.007361329,0,0
2025-09-15 15:00:00+00:00,,0.005434961,0,0
2025-09-15 15:15:00+00:00,,0.011273995,0,0
2025-09-15 15:30:00+00:00,,0.016580647,0,0
2025-09-15 15:45:00+00:00,,0.070907295,0,0
2025-09-15 16:00:00+00:00,,0.12502046,0,0
2025-09-15 16:15:00+00:00,,0.06297055,0,0
2025-09-15 16:30:00+00:00,,0.16116293,0,0
2025-09-02 08:00:00+00:00,,0.61900973,1,1
2025-09-02 08:15:00+00:00,,0.42733237,0,0
2025-09-02 08:30:00+00:00,,0.12245911,0,0
2025-09-02 08:45:00+00:00,,0.23162293,0,0
2025-09-02 09:00:00+00:00,,0.19815311,0,0
2025-09-02 09:15:00+00:00,,0.018452162,0,0
2025-09-02 09:30:00+00:00,,0.0150817195,0,0
2025-09-02 09:45:00+00:00,,0.021309633,0,0
2025-09-02 10:00:00+00:00,,0.034931406,0,0
2025-09-02 10:15:00+00:00,,0.04928133,0,0
2025-09-02 10:30:00+00:00,,0.039859172,0,0
2025-09-02 10:45:00+00:00,,0.026075685,0,0
2025-09-02 11:00:00+00:00,,0.4690144,0,0
2025-09-02 11:15:00+00:00,,0.16792147,0,0
2025-09-02 11:30:00+00:00,,0.09207262,0,0
2025-09-02 11:45:00+00:00,,0.018102484,0,0
2025-09-02 12:00:00+00:00,,0.21617177,0,0
2025-09-02 12:15:00+00:00,,0.018426498,0,0
2025-09-02 12:30:00+00:00,,0.13242617,0,0
2025-09-02 12:45:00+00:00,,0.02644702,0,0
2025-09-02 13:00:00+00:00,,0.052733183,0,0
2025-09-02 13:15:00+00:00,,0.025343029,0,0
2025-09-02 13:30:00+00:00,,0.014457463,0,0
2025-09-02 13:45:00+00:00,,0.087908074,0,0
2025-09-02 14:00:00+00:00,,0.027738662,0,0
2025-09-02 14:15:00+00:00,,0.01764543,0,0
2025-09-02 14:30:00+00:00,,0.16868952,0,0
2025-09-02 14:45:00+00:00,,0.10048187,0,0
2025-09-02 15:00:00+00:00,,0.06720687,0,0
2025-09-02 15:15:00+00:00,,0.29978776,0,0
2025-09-02 15:30:00+00:00,,0.0807611,0,0
2025-09-02 15:45:00+00:00,,0.19901837,0,0
2025-09-02 16:00:00+00:00,,0.029876208,0,0
2025-09-02 16:15:00+00:00,,0.20266198,0,0
2025-09-02 16:30:00+00:00,,0.056151703,0,0
2025-09-02 16:45:00+00:00,,0.0046023466,0,0
2025-09-02 17:00:00+00:00,,0.006541945,0,0
2025-09-02 17:15:00+00:00,,0.009928648,0,0
2025-09-02 17:30:00+00:00,,0.008830487,0,0
2025-09-02 17:45:00+00:00,,0.013919851,0,0
2025-09-02 18:00:00+00:00,,0.028302763,0,0
2025-09-02 18:15:00+00:00,,0.057937946,0,0
2025-09-02 18:30:00+00:00,,0.1889284,0,0
2025-09-02 18:45:00+00:00,,0.25094762,0,0
2025-09-02 19:00:00+00:00,,0.8442832,1,1
2025-09-02 19:15:00+00:00,,0.25977787,0,0
2025-09-02 19:30:00+00:00,,0.09471311,0,0
2025-09-02 19:45:00+00:00,,0.015404932,0,0
2025-09-02 20:00:00+00:00,,0.04026129,0,0
2025-09-02 20:15:00+00:00,,0.10236351,0,0
2025-09-02 20:30:00+00:00,,0.033539485,0,0
2025-09-02 20:45:00+00:00,,0.022413852,0,0
2025-09-02 21:00:00+00:00,,0.013676767,0,0
2025-09-02 21:15:00+00:00,,0.01092918,0,0
2025-09-02 21:30:00+00:00,,0.005250741,0,0
2025-09-02 21:45:00+00:00,,0.0110994475,0,0
2025-09-02 22:00:00+00:00,,0.027871704,0,0
2025-09-02 22:15:00+00:00,,0.059941337,0,0
2025-09-02 22:30:00+00:00,,0.04181917,0,0
2025-09-02 22:45:00+00:00,,0.0085725235,0,0
2025-09-02 23:00:00+00:00,,0.10387764,0,0
2025-09-02 23:15:00+00:00,,0.26696736,0,0
2025-09-02 23:30:00+00:00,,0.44246915,0,0
2025-09-02 23:45:00+00:00,,0.14671186,0,0
2025-09-03 08:00:00+00:00,,0.20491442,0,0
2025-09-03 08:15:00+00:00,,0.10030304,0,0
2025-09-03 08:30:00+00:00,,0.19952026,0,0
2025-09-03 08:45:00+00:00,,0.06345304,0,0
2025-09-03 09:00:00+00:00,,0.07675019,0,0
2025-09-03 09:15:00+00:00,,0.14395383,0,0
2025-09-03 09:30:00+00:00,,0.30107227,0,0
2025-09-03 09:45:00+00:00,,0.42732567,0,0
2025-09-03 10:00:00+00:00,,0.031706568,0,0
2025-09-03 10:15:00+00:00,,0.31869218,0,0
2025-09-03 10:30:00+00:00,,0.25372982,0,0
2025-09-03 10:45:00+00:00,,0.22657472,0,0
2025-09-03 11:00:00+00:00,,0.37750745,0,0
2025-09-03 11:15:00+00:00,,0.10255657,0,0
2025-09-03 11:30:00+00:00,,0.25102687,0,0
2025-09-03 11:45:00+00:00,,0.08641295,0,0
2025-09-03 12:00:00+00:00,,0.7255214,1,1
2025-09-03 12:15:00+00:00,,0.56680214,1,1
2025-09-03 12:30:00+00:00,,0.33752817,0,0
2025-09-03 12:45:00+00:00,,0.028976824,0,0
2025-09-03 13:00:00+00:00,,0.2557759,0,0
2025-09-03 13:15:00+00:00,,0.20041567,0,0
2025-09-03 13:30:00+00:00,,0.90079623,1,1
2025-09-03 13:45:00+00:00,,0.30316687,0,0
2025-09-03 14:00:00+00:00,,0.2589237,0,0
2025-09-03 14:15:00+00:00,,0.17787364,0,0
2025-09-03 14:30:00+00:00,,0.06793714,0,0
2025-09-03 14:45:00+00:00,,0.024468416,0,0
2025-09-03 15:00:00+00:00,,0.040048394,0,0
2025-09-03 15:15:00+00:00,,0.043388225,0,0
2025-09-03 15:30:00+00:00,,0.06583599,0,0
2025-09-03 15:45:00+00:00,,0.06542257,0,0
2025-09-03 16:00:00+00:00,,0.009012866,0,0
2025-09-03 16:15:00+00:00,,0.0075441133,0,0
2025-09-03 16:30:00+00:00,,0.011106092,0,0
2025-09-03 16:45:00+00:00,,0.0060633244,0,0
2025-09-03 17:00:00+00:00,,0.008902687,0,0
2025-09-03 17:15:00+00:00,,0.018311214,0,0
2025-09-03 17:30:00+00:00,,0.06200937,0,0
2025-09-03 17:45:00+00:00,,0.018425172,0,0
2025-09-03 18:00:00+00:00,,0.02406093,0,0
2025-09-03 18:15:00+00:00,,0.0074689104,0,0
2025-09-03 18:30:00+00:00,,0.1193268,0,0
2025-09-03 18:45:00+00:00,,0.8319622,1,1
2025-09-03 19:00:00+00:00,,0.28235516,0,0
2025-09-03 19:15:00+00:00,,0.57414424,1,1
2025-09-03 19:30:00+00:00,,0.03548115,0,0
2025-09-03 19:45:00+00:00,,0.02917805,0,0
2025-09-03 20:00:00+00:00,,0.0064604683,0,0
2025-09-03 20:15:00+00:00,,0.018778056,0,0
2025-09-03 20:30:00+00:00,,0.0059016556,0,0
2025-09-03 20:45:00+00:00,,0.05196615,0,0
2025-09-03 21:00:00+00:00,,0.022310594,0,0
2025-09-03 21:15:00+00:00,,0.012252766,0,0
2025-09-03 21:30:00+00:00,,0.010701711,0,0
2025-09-03 21:45:00+00:00,,0.0039260183,0,0
2025-09-03 22:00:00+00:00,,0.094490476,0,0
2025-09-03 22:15:00+00:00,,0.059616555,0,0
2025-09-03 22:30:00+00:00,,0.049595933,0,0
2025-09-03 22:45:00+00:00,,0.02990901,0,0
2025-09-03 23:00:00+00:00,,0.7344193,1,1
2025-09-03 23:15:00+00:00,,0.42234924,0,0
2025-09-03 23:30:00+00:00,,0.36061016,0,0
2025-09-03 23:45:00+00:00,,0.055419497,0,0
2025-09-04 08:00:00+00:00,,0.0733327,0,0
2025-09-04 08:15:00+00:00,,0.035807338,0,0
2025-09-04 08:30:00+00:00,,0.09243583,0,0
2025-09-04 08:45:00+00:00,,0.1359287,0,0
2025-09-04 09:00:00+00:00,,0.1503354,0,0
2025-09-04 09:15:00+00:00,,0.056743685,0,0
2025-09-04 09:30:00+00:00,,0.013671951,0,0
2025-09-04 09:45:00+00:00,,0.04861042,0,0
2025-09-04 10:00:00+00:00,,0.12271618,0,0
2025-09-04 10:15:00+00:00,,0.14312251,0,0
2025-09-04 10:30:00+00:00,,0.21369824,0,0
2025-09-04 10:45:00+00:00,,0.13817629,0,0
2025-09-04 11:00:00+00:00,,0.2927799,0,0
2025-09-04 11:15:00+00:00,,0.07567755,0,0
2025-09-04 11:30:00+00:00,,0.5428443,1,1
2025-09-04 11:45:00+00:00,,0.050962325,0,0
2025-09-04 12:00:00+00:00,,0.32010466,0,0
2025-09-04 12:15:00+00:00,,0.04874956,0,0
2025-09-04 12:30:00+00:00,,0.04767684,0,0
2025-09-04 12:45:00+00:00,,0.14550379,0,0
2025-09-04 13:00:00+00:00,,0.15291756,0,0
2025-09-04 13:15:00+00:00,,0.24509266,0,0
2025-09-04 13:30:00+00:00,,0.03672404,0,0
2025-09-04 13:45:00+00:00,,0.04118361,0,0
2025-09-04 14:00:00+00:00,,0.026264628,0,0
2025-09-04 14:15:00+00:00,,0.0043553836,0,0
2025-09-04 14:30:00+00:00,,0.010193325,0,0
2025-09-04 14:45:00+00:00,,0.050685596,0,0
2025-09-04 15:00:00+00:00,,0.02962951,0,0
2025-09-04 15:15:00+00:00,,0.00618508,0,0
2025-09-04 15:30:00+00:00,,0.013384711,0,0
2025-09-04 15:45:00+00:00,,0.005297355,0,0
2025-09-04 16:00:00+00:00,,0.0036960524,0,0
2025-09-04 16:15:00+00:00,,0.005367831,0,0
2025-09-04 16:30:00+00:00,,0.0034656723,0,0
2025-09-04 16:45:00+00:00,,0.004408891,0,0
2025-09-04 17:00:00+00:00,,0.015432078,0,0
2025-09-04 17:15:00+00:00,,0.04679416,0,0
2025-09-04 17:30:00+00:00,,0.031905968,0,0
2025-09-04 17:45:00+00:00,,0.007859655,0,0
2025-09-04 18:00:00+00:00,,0.009689195,0,0
2025-09-04 18:15:00+00:00,,0.028000018,0,0
2025-09-04 18:30:00+00:00,,0.026744993,0,0
2025-09-04 18:45:00+00:00,,0.01285704,0,0
2025-09-04 19:00:00+00:00,,0.032867383,0,0
2025-09-04 19:15:00+00:00,,0.038430694,0,0
2025-09-04 19:30:00+00:00,,0.060128536,0,0
2025-09-04 19:45:00+00:00,,0.047400482,0,0
2025-09-04 20:00:00+00:00,,0.06476766,0,0
2025-09-04 20:15:00+00:00,,0.010321048,0,0
2025-09-04 20:30:00+00:00,,0.029808613,0,0
2025-09-04 20:45:00+00:00,,0.010534543,0,0
2025-09-04 21:00:00+00:00,,0.027602006,0,0
2025-09-04 21:15:00+00:00,,0.0024594667,0,0
2025-09-04 21:30:00+00:00,,0.012831201,0,0
2025-09-04 21:45:00+00:00,,0.06019207,0,0
2025-09-04 22:00:00+00:00,,0.05351694,0,0
2025-09-04 22:15:00+00:00,,0.028829878,0,0
2025-09-04 22:30:00+00:00,,0.034740716,0,0
2025-09-04 22:45:00+00:00,,0.13383862,0,0
2025-09-04 23:00:00+00:00,,0.1386592,0,0
2025-09-04 23:15:00+00:00,,0.11222338,0,0
2025-09-04 23:30:00+00:00,,0.039915044,0,0
2025-09-04 23:45:00+00:00,,0.09303242,0,0
2025-09-05 08:00:00+00:00,,0.035795897,0,0
2025-09-05 08:15:00+00:00,,0.06810612,0,0
2025-09-05 08:30:00+00:00,,0.08855926,0,0
2025-09-05 08:45:00+00:00,,0.30915645,0,0
2025-09-05 09:00:00+00:00,,0.3786501,0,0
2025-09-05 09:15:00+00:00,,0.030204186,0,0
2025-09-05 09:30:00+00:00,,0.03902371,0,0
2025-09-05 09:45:00+00:00,,0.1298796,0,0
2025-09-05 10:00:00+00:00,,0.012613434,0,0
2025-09-05 10:15:00+00:00,,0.011522549,0,0
2025-09-05 10:30:00+00:00,,0.009065989,0,0
2025-09-05 10:45:00+00:00,,0.013741455,0,0
2025-09-05 11:00:00+00:00,,0.009752673,0,0
2025-09-05 11:15:00+00:00,,0.0075528827,0,0
2025-09-05 11:30:00+00:00,,0.020438977,0,0
2025-09-05 11:45:00+00:00,,0.026763225,0,0
2025-09-05 12:00:00+00:00,,0.04050935,0,0
2025-09-05 12:15:00+00:00,,0.011047793,0,0
2025-09-05 12:30:00+00:00,,0.10614785,0,0
2025-09-05 12:45:00+00:00,,0.17420343,0,0
2025-09-05 13:00:00+00:00,,0.03595094,0,0
2025-09-05 13:15:00+00:00,,0.054153234,0,0
2025-09-05 13:30:00+00:00,,0.031625975,0,0
2025-09-05 13:45:00+00:00,,0.044967834,0,0
2025-09-05 14:00:00+00:00,,0.12666655,0,0
2025-09-05 14:15:00+00:00,,0.019621683,0,0
2025-09-05 14:30:00+00:00,,0.015691862,0,0
2025-09-05 14:45:00+00:00,,0.007001096,0,0
2025-09-05 15:00:00+00:00,,0.0057809534,0,0
2025-09-05 15:15:00+00:00,,0.01626364,0,0
2025-09-05 15:30:00+00:00,,0.011107082,0,0
2025-09-05 15:45:00+00:00,,0.003973545,0,0
2025-09-05 16:00:00+00:00,,0.0034593083,0,0
2025-09-05 16:15:00+00:00,,0.0032354589,0,0
2025-09-05 16:30:00+00:00,,0.018143557,0,0
2025-09-05 16:45:00+00:00,,0.00916967,0,0
2025-09-05 17:00:00+00:00,,0.005016064,0,0
2025-09-05 17:15:00+00:00,,0.016876983,0,0
2025-09-05 17:30:00+00:00,,0.006816384,0,0
2025-09-05 17:45:00+00:00,,0.011591782,0,0
2025-09-05 18:00:00+00:00,,0.088561684,0,0
2025-09-05 18:15:00+00:00,,0.18226063,0,0
2025-09-05 18:30:00+00:00,,0.18816555,0,0
2025-09-05 18:45:00+00:00,,0.037868872,0,0
2025-09-05 19:00:00+00:00,,0.028947182,0,0
2025-09-05 19:15:00+00:00,,0.4262072,0,0
2025-09-05 19:30:00+00:00,,0.30040556,0,0
2025-09-05 19:45:00+00:00,,0.10465866,0,0
2025-09-05 20:00:00+00:00,,0.18811472,0,0
2025-09-05 20:15:00+00:00,,0.061765816,0,0
2025-09-05 20:30:00+00:00,,0.14995335,0,0
2025-09-05 20:45:00+00:00,,0.019347122,0,0
2025-09-05 21:00:00+00:00,,0.014539727,0,0
2025-09-05 21:15:00+00:00,,0.05770035,0,0
2025-09-05 21:30:00+00:00,,0.44904596,0,0
2025-09-05 21:45:00+00:00,,0.27556282,0,0
2025-09-05 22:00:00+00:00,,0.27968997,0,0
2025-09-05 22:15:00+00:00,,0.08297682,0,0
2025-09-05 22:30:00+00:00,,0.2500493,0,0
2025-09-05 22:45:00+00:00,,0.53984153,1,0
2025-09-05 23:00:00+00:00,,0.6844849,1,1
2025-09-05 23:15:00+00:00,,0.612507,1,1
2025-09-05 23:30:00+00:00,,0.46973172,0,0
2025-09-05 23:45:00+00:00,,0.5441104,1,1
2025-09-08 08:00:00+00:00,,0.041113846,0,0
2025-09-08 08:15:00+00:00,,0.027335908,0,0
2025-09-08 08:30:00+00:00,,0.037674982,0,0
2025-09-08 08:45:00+00:00,,0.052213803,0,0
2025-09-08 09:00:00+00:00,,0.15501669,0,0
2025-09-08 09:15:00+00:00,,0.044733066,0,0
2025-09-08 09:30:00+00:00,,0.14535236,0,0
2025-09-08 09:45:00+00:00,,0.08843348,0,0
2025-09-08 10:00:00+00:00,,0.1255228,0,0
2025-09-08 10:15:00+00:00,,0.11093773,0,0
2025-09-08 10:30:00+00:00,,0.072835684,0,0
2025-09-08 10:45:00+00:00,,0.23808324,0,0
2025-09-08 11:00:00+00:00,,0.1889999,0,0
2025-09-08 11:15:00+00:00,,0.18679906,0,0
2025-09-08 11:30:00+00:00,,0.023039276,0,0
2025-09-08 11:45:00+00:00,,0.038337987,0,0
2025-09-08 12:00:00+00:00,,0.18593848,0,0
2025-09-08 12:15:00+00:00,,0.054197617,0,0
2025-09-08 12:30:00+00:00,,0.0329558,0,0
2025-09-08 12:45:00+00:00,,0.10525134,0,0
2025-09-08 13:00:00+00:00,,0.07150564,0,0
2025-09-08 13:15:00+00:00,,0.03318811,0,0
2025-09-08 13:30:00+00:00,,0.5632099,1,1
2025-09-08 13:45:00+00:00,,0.24869008,0,0
2025-09-08 14:00:00+00:00,,0.06503001,0,0
2025-09-08 14:15:00+00:00,,0.06671366,0,0
2025-09-08 14:30:00+00:00,,0.02411578,0,0
2025-09-08 14:45:00+00:00,,0.0070664147,0,0
2025-09-08 15:00:00+00:00,,0.008937579,0,0
2025-09-08 15:15:00+00:00,,0.023918575,0,0
2025-09-08 15:30:00+00:00,,0.039685905,0,0
2025-09-08 15:45:00+00:00,,0.03371037,0,0
2025-09-08 16:00:00+00:00,,0.040914293,0,0
2025-09-08 16:15:00+00:00,,0.036152586,0,0
2025-09-08 16:30:00+00:00,,0.022392062,0,0
2025-09-08 16:45:00+00:00,,0.07069232,0,0
2025-09-08 17:00:00+00:00,,0.030510029,0,0
2025-09-08 17:15:00+00:00,,0.026254825,0,0
2025-09-08 17:30:00+00:00,,0.04624889,0,0
2025-09-08 17:45:00+00:00,,0.003975076,0,0
2025-09-08 18:00:00+00:00,,0.022314271,0,0
2025-09-08 18:15:00+00:00,,0.01572622,0,0
2025-09-08 18:30:00+00:00,,0.027151952,0,0
2025-09-08 18:45:00+00:00,,0.23019445,0,0
2025-09-08 19:00:00+00:00,,0.37041175,0,0
2025-09-08 19:15:00+00:00,,0.6039408,1,1
2025-09-08 19:30:00+00:00,,0.082249425,0,0
2025-09-08 19:45:00+00:00,,0.21472293,0,0
2025-09-08 20:00:00+00:00,,0.11711774,0,0
2025-09-08 20:15:00+00:00,,0.21091178,0,0
2025-09-08 20:30:00+00:00,,0.12874256,0,0
2025-09-08 20:45:00+00:00,,0.026770283,0,0
2025-09-08 21:00:00+00:00,,0.0015861645,0,0
2025-09-08 21:15:00+00:00,,0.0029534216,0,0
2025-09-08 21:30:00+00:00,,0.0048071514,0,0
2025-09-08 21:45:00+00:00,,0.0042371023,0,0
2025-09-08 22:00:00+00:00,,0.008082999,0,0
2025-09-08 22:15:00+00:00,,0.018389413,0,0
2025-09-08 22:30:00+00:00,,0.31565657,0,0
2025-09-08 22:45:00+00:00,,0.008391207,0,0
2025-09-08 23:00:00+00:00,,0.012254059,0,0
2025-09-08 23:15:00+00:00,,0.021208085,0,0
2025-09-08 23:30:00+00:00,,0.02323816,0,0
2025-09-08 23:45:00+00:00,,0.049423452,0,0
2025-09-09 08:00:00+00:00,,0.43286675,0,0
2025-09-09 08:15:00+00:00,,0.0218836,0,0
2025-09-09 08:30:00+00:00,,0.062788986,0,0
2025-09-09 08:45:00+00:00,,0.063209444,0,0
2025-09-09 09:00:00+00:00,,0.08614265,0,0
2025-09-09 09:15:00+00:00,,0.0788357,0,0
2025-09-09 09:30:00+00:00,,0.26556477,0,0
2025-09-09 09:45:00+00:00,,0.053392243,0,0
2025-09-09 10:00:00+00:00,,0.05203738,0,0
2025-09-09 10:15:00+00:00,,0.028503291,0,0
2025-09-09 10:30:00+00:00,,0.03894208,0,0
2025-09-09 10:45:00+00:00,,0.050511666,0,0
2025-09-09 11:00:00+00:00,,0.007900528,0,0
2025-09-09 11:15:00+00:00,,0.05615965,0,0
2025-09-09 11:30:00+00:00,,0.03353648,0,0
2025-09-09 11:45:00+00:00,,0.06691351,0,0
2025-09-09 12:00:00+00:00,,0.39873797,0,0
2025-09-09 12:15:00+00:00,,0.08986429,0,0
2025-09-09 12:30:00+00:00,,0.057590302,0,0
2025-09-09 12:45:00+00:00,,0.01069624,0,0
2025-09-09 13:00:00+00:00,,0.09512668,0,0
2025-09-09 13:15:00+00:00,,0.00449149,0,0
2025-09-09 13:30:00+00:00,,0.015993396,0,0
2025-09-09 13:45:00+00:00,,0.66092926,1,1
2025-09-09 14:00:00+00:00,,0.0069539463,0,0
2025-09-09 14:15:00+00:00,,0.072724216,0,0
2025-09-09 14:30:00+00:00,,0.079287395,0,0
2025-09-09 14:45:00+00:00,,0.18733984,0,0
2025-09-09 15:00:00+00:00,,0.25862244,0,0
2025-09-09 15:15:00+00:00,,0.32687858,0,0
2025-09-09 15:30:00+00:00,,0.5390605,1,0
2025-09-09 15:45:00+00:00,,0.030585146,0,0
2025-09-09 16:00:00+00:00,,0.008891406,0,0
2025-09-09 16:15:00+00:00,,0.007515434,0,0
2025-09-09 16:30:00+00:00,,0.017686408,0,0
2025-09-09 16:45:00+00:00,,0.009722326,0,0
2025-09-09 17:00:00+00:00,,0.076978,0,0
2025-09-09 17:15:00+00:00,,0.038559433,0,0
2025-09-09 17:30:00+00:00,,0.048028115,0,0
2025-09-09 17:45:00+00:00,,0.047167577,0,0
2025-09-09 18:00:00+00:00,,0.31203082,0,0
2025-09-09 18:15:00+00:00,,0.014919638,0,0
2025-09-09 18:30:00+00:00,,0.048910595,0,0
2025-09-09 18:45:00+00:00,,0.022204185,0,0
2025-09-09 19:00:00+00:00,,0.036707073,0,0
2025-09-09 19:15:00+00:00,,0.15236817,0,0
2025-09-09 19:30:00+00:00,,0.04876401,0,0
2025-09-09 19:45:00+00:00,,0.09827276,0,0
2025-09-09 20:00:00+00:00,,0.1477451,0,0
2025-09-09 20:15:00+00:00,,0.37709415,0,0
2025-09-09 20:30:00+00:00,,0.74343735,1,1
2025-09-09 20:45:00+00:00,,0.18730229,0,0
2025-09-09 21:00:00+00:00,,0.36522472,0,0
2025-09-09 21:15:00+00:00,,0.67323345,1,1
2025-09-09 21:30:00+00:00,,0.17814872,0,0
2025-09-09 21:45:00+00:00,,0.12128225,0,0
2025-09-09 22:00:00+00:00,,0.35123274,0,0
2025-09-09 22:15:00+00:00,,0.49641106,0,0
2025-09-09 22:30:00+00:00,,0.41923603,0,0
2025-09-09 22:45:00+00:00,,0.31112626,0,0
2025-09-09 23:00:00+00:00,,0.2298558,0,0
2025-09-09 23:15:00+00:00,,0.3250543,0,0
2025-09-09 23:30:00+00:00,,0.2713414,0,0
2025-09-09 23:45:00+00:00,,0.1296297,0,0
2025-09-10 08:00:00+00:00,,0.12299139,0,0
2025-09-10 08:15:00+00:00,,0.5296469,1,0
2025-09-10 08:30:00+00:00,,0.3828424,0,0
2025-09-10 08:45:00+00:00,,0.49320963,0,0
2025-09-10 09:00:00+00:00,,0.14782825,0,0
2025-09-10 09:15:00+00:00,,0.77056676,1,1
2025-09-10 09:30:00+00:00,,0.7138704,1,1
2025-09-10 09:45:00+00:00,,0.31914958,0,0
2025-09-10 10:00:00+00:00,,0.56821775,1,1
2025-09-10 10:15:00+00:00,,0.30159122,0,0
2025-09-10 10:30:00+00:00,,0.21813723,0,0
2025-09-10 10:45:00+00:00,,0.22378913,0,0
2025-09-10 11:00:00+00:00,,0.33289677,0,0
2025-09-10 11:15:00+00:00,,0.14483371,0,0
2025-09-10 11:30:00+00:00,,0.22957397,0,0
2025-09-10 11:45:00+00:00,,0.25134632,0,0
2025-09-10 12:00:00+00:00,,0.2961034,0,0
2025-09-10 12:15:00+00:00,,0.3551793,0,0
2025-09-10 12:30:00+00:00,,0.36845872,0,0
2025-09-10 12:45:00+00:00,,0.5978352,1,1
2025-09-10 13:00:00+00:00,,0.5447172,1,1
2025-09-10 13:15:00+00:00,,0.47803986,0,0
2025-09-10 13:30:00+00:00,,0.8014334,1,1
2025-09-10 13:45:00+00:00,,0.6955147,1,1
2025-09-10 14:00:00+00:00,,0.4166701,0,0
2025-09-10 14:15:00+00:00,,0.44864345,0,0
2025-09-10 14:30:00+00:00,,0.17555547,0,0
2025-09-10 14:45:00+00:00,,0.37384295,0,0
2025-09-10 15:00:00+00:00,,0.0755345,0,0
2025-09-10 15:15:00+00:00,,0.13261762,0,0
2025-09-10 15:30:00+00:00,,0.4972874,0,0
2025-09-10 15:45:00+00:00,,0.22570403,0,0
2025-09-10 16:00:00+00:00,,0.04119664,0,0
2025-09-10 16:15:00+00:00,,0.34684312,0,0
2025-09-10 16:30:00+00:00,,0.32852626,0,0
2025-09-10 16:45:00+00:00,,0.08490327,0,0
2025-09-10 17:00:00+00:00,,0.038219508,0,0
2025-09-10 17:15:00+00:00,,0.13581425,0,0
2025-09-10 17:30:00+00:00,,0.19391353,0,0
2025-09-10 17:45:00+00:00,,0.8101584,1,1
2025-09-10 18:00:00+00:00,,0.49889845,0,0
2025-09-10 18:15:00+00:00,,0.39896867,0,0
2025-09-10 18:30:00+00:00,,0.41952655,0,0
2025-09-10 18:45:00+00:00,,0.6322804,1,1
2025-09-10 19:00:00+00:00,,0.74164075,1,1
2025-09-10 19:15:00+00:00,,0.10834857,0,0
2025-09-10 19:30:00+00:00,,0.01668698,0,0
2025-09-10 19:45:00+00:00,,0.028912768,0,0
2025-09-10 20:00:00+00:00,,0.056972865,0,0
2025-09-10 20:15:00+00:00,,0.05839182,0,0
2025-09-10 20:30:00+00:00,,0.029479224,0,0
2025-09-10 20:45:00+00:00,,0.06336087,0,0
2025-09-10 21:00:00+00:00,,0.037912354,0,0
2025-09-10 21:15:00+00:00,,0.02289937,0,0
2025-09-10 21:30:00+00:00,,0.15864857,0,0
2025-09-10 21:45:00+00:00,,0.027577199,0,0
2025-09-10 22:00:00+00:00,,0.029111862,0,0
2025-09-10 22:15:00+00:00,,0.16157685,0,0
2025-09-10 22:30:00+00:00,,0.037555628,0,0
2025-09-10 22:45:00+00:00,,0.0792847,0,0
2025-09-10 23:00:00+00:00,,0.025172189,0,0
2025-09-10 23:15:00+00:00,,0.044204842,0,0
2025-09-10 23:30:00+00:00,,0.075404495,0,0
2025-09-10 23:45:00+00:00,,0.013884675,0,0
2025-09-11 08:00:00+00:00,,0.1631786,0,0
2025-09-11 08:15:00+00:00,,0.12987001,0,0
2025-09-11 08:30:00+00:00,,0.46577296,0,0
2025-09-11 08:45:00+00:00,,0.61565346,1,1
2025-09-11 09:00:00+00:00,,0.08357313,0,0
2025-09-11 09:15:00+00:00,,0.10705117,0,0
2025-09-11 09:30:00+00:00,,0.08951824,0,0
2025-09-11 09:45:00+00:00,,0.051949535,0,0
2025-09-11 10:00:00+00:00,,0.3882672,0,0
2025-09-11 10:15:00+00:00,,0.65462375,1,1
2025-09-11 10:30:00+00:00,,0.18016163,0,0
2025-09-11 10:45:00+00:00,,0.2617071,0,0
2025-09-11 11:00:00+00:00,,0.24793139,0,0
2025-09-11 11:15:00+00:00,,0.11312044,0,0
2025-09-11 11:30:00+00:00,,0.12941684,0,0
2025-09-11 11:45:00+00:00,,0.47326618,0,0
2025-09-11 12:00:00+00:00,,0.19870462,0,0
2025-09-11 12:15:00+00:00,,0.19046527,0,0
2025-09-11 12:30:00+00:00,,0.14871183,0,0
2025-09-11 12:45:00+00:00,,0.18422382,0,0
2025-09-11 13:00:00+00:00,,0.44035104,0,0
2025-09-11 13:15:00+00:00,,0.26668414,0,0
2025-09-11 13:30:00+00:00,,0.35416186,0,0
2025-09-11 13:45:00+00:00,,0.09629726,0,0
2025-09-11 14:00:00+00:00,,0.10310959,0,0
2025-09-11 14:15:00+00:00,,0.26361603,0,0
2025-09-11 14:30:00+00:00,,0.12026579,0,0
2025-09-11 14:45:00+00:00,,0.08202659,0,0
2025-09-11 15:00:00+00:00,,0.12850425,0,0
2025-09-11 15:15:00+00:00,,0.12739718,0,0
2025-09-11 15:30:00+00:00,,0.03255985,0,0
2025-09-11 15:45:00+00:00,,0.043235753,0,0
2025-09-11 16:00:00+00:00,,0.024248954,0,0
2025-09-11 16:15:00+00:00,,0.026059682,0,0
2025-09-11 16:30:00+00:00,,0.08220815,0,0
2025-09-11 16:45:00+00:00,,0.0658454,0,0
2025-09-11 17:00:00+00:00,,0.03173527,0,0
2025-09-11 17:15:00+00:00,,0.06075947,0,0
2025-09-11 17:30:00+00:00,,0.042607483,0,0
2025-09-11 17:45:00+00:00,,0.026748681,0,0
2025-09-11 18:00:00+00:00,,0.0068171327,0,0
2025-09-11 18:15:00+00:00,,0.025903977,0,0
2025-09-11 18:30:00+00:00,,0.026897024,0,0
2025-09-11 18:45:00+00:00,,0.021438101,0,0
2025-09-11 19:00:00+00:00,,0.10888581,0,0
2025-09-11 19:15:00+00:00,,0.018836817,0,0
2025-09-11 19:30:00+00:00,,0.22381061,0,0
2025-09-11 19:45:00+00:00,,0.011160446,0,0
2025-09-11 20:00:00+00:00,,0.007904464,0,0
2025-09-11 20:15:00+00:00,,0.010916106,0,0
2025-09-11 20:30:00+00:00,,0.022935038,0,0
2025-09-11 20:45:00+00:00,,0.018921414,0,0
2025-09-11 21:00:00+00:00,,0.09039973,0,0
2025-09-11 21:15:00+00:00,,0.041105546,0,0
2025-09-11 21:30:00+00:00,,0.017156275,0,0
2025-09-11 21:45:00+00:00,,0.019146327,0,0
2025-09-11 22:00:00+00:00,,0.009531822,0,0
2025-09-11 22:15:00+00:00,,0.03494443,0,0
2025-09-11 22:30:00+00:00,,0.08381114,0,0
2025-09-11 22:45:00+00:00,,0.18434532,0,0
2025-09-11 23:00:00+00:00,,0.26029232,0,0
2025-09-11 23:15:00+00:00,,0.1501007,0,0
2025-09-11 23:30:00+00:00,,0.30644995,0,0
2025-09-11 23:45:00+00:00,,0.038245965,0,0
2025-09-12 08:00:00+00:00,,0.01407967,0,0
2025-09-12 08:15:00+00:00,,0.2393855,0,0
2025-09-12 08:30:00+00:00,,0.08128291,0,0
2025-09-12 08:45:00+00:00,,0.06315574,0,0
2025-09-12 09:00:00+00:00,,0.05153941,0,0
2025-09-12 09:15:00+00:00,,0.082668684,0,0
2025-09-12 09:30:00+00:00,,0.096666545,0,0
2025-09-12 09:45:00+00:00,,0.09742544,0,0
2025-09-12 10:00:00+00:00,,0.040367194,0,0
2025-09-12 10:15:00+00:00,,0.083163686,0,0
2025-09-12 10:30:00+00:00,,0.17777789,0,0
2025-09-12 10:45:00+00:00,,0.02454096,0,0
2025-09-12 11:00:00+00:00,,0.04316404,0,0
2025-09-12 11:15:00+00:00,,0.04010975,0,0
2025-09-12 11:30:00+00:00,,0.03108643,0,0
2025-09-12 11:45:00+00:00,,0.036591623,0,0
2025-09-12 12:00:00+00:00,,0.014089476,0,0
2025-09-12 12:15:00+00:00,,0.02610902,0,0
2025-09-12 12:30:00+00:00,,0.027000858,0,0
2025-09-12 12:45:00+00:00,,0.09350922,0,0
2025-09-12 13:00:00+00:00,,0.07682426,0,0
2025-09-12 13:15:00+00:00,,0.056464195,0,0
2025-09-12 13:30:00+00:00,,0.049814485,0,0
2025-09-12 13:45:00+00:00,,0.08556754,0,0
2025-09-12 14:00:00+00:00,,0.022289246,0,0
2025-09-12 14:15:00+00:00,,0.0950902,0,0
2025-09-12 14:30:00+00:00,,0.10916352,0,0
2025-09-12 14:45:00+00:00,,0.16149582,0,0
2025-09-12 15:00:00+00:00,,0.07668367,0,0
2025-09-12 15:15:00+00:00,,0.042846702,0,0
2025-09-12 15:30:00+00:00,,0.18772525,0,0
2025-09-12 15:45:00+00:00,,0.30885485,0,0
2025-09-12 16:00:00+00:00,,0.11363179,0,0
2025-09-12 16:15:00+00:00,,0.114588074,0,0
2025-09-12 16:30:00+00:00,,0.4887015,0,0
2025-09-12 16:45:00+00:00,,0.19249637,0,0
2025-09-12 17:00:00+00:00,,0.2412865,0,0
2025-09-12 17:15:00+00:00,,0.13616067,0,0
2025-09-12 17:30:00+00:00,,0.23521338,0,0
2025-09-12 17:45:00+00:00,,0.04173142,0,0
2025-09-12 18:00:00+00:00,,0.044746157,0,0
2025-09-12 18:15:00+00:00,,0.05024966,0,0
2025-09-12 18:30:00+00:00,,0.047231946,0,0
2025-09-12 18:45:00+00:00,,0.0523936,0,0
2025-09-12 19:00:00+00:00,,0.024964837,0,0
2025-09-12 19:15:00+00:00,,0.041788563,0,0
2025-09-12 19:30:00+00:00,,0.009426855,0,0
2025-09-12 19:45:00+00:00,,0.0071116206,0,0
2025-09-12 20:00:00+00:00,,0.026097303,0,0
2025-09-12 20:15:00+00:00,,0.01387461,0,0
2025-09-12 20:30:00+00:00,,0.021316877,0,0
2025-09-12 20:45:00+00:00,,0.02916736,0,0
2025-09-12 21:00:00+00:00,,0.038957857,0,0
2025-09-12 21:15:00+00:00,,0.002414711,0,0
2025-09-12 21:30:00+00:00,,0.2979706,0,0
2025-09-12 21:45:00+00:00,,0.5521058,1,1
2025-09-12 22:00:00+00:00,,0.28345817,0,0
2025-09-12 22:15:00+00:00,,0.09142188,0,0
2025-09-12 22:30:00+00:00,,0.041500524,0,0
2025-09-12 22:45:00+00:00,,0.2037259,0,0
2025-09-12 23:00:00+00:00,,0.037345774,0,0
2025-09-12 23:15:00+00:00,,0.06426756,0,0
2025-09-12 23:30:00+00:00,,0.019467458,0,0
2025-09-12 23:45:00+00:00,,0.1136797,0,0
2025-09-15 08:00:00+00:00,,0.014421748,0,0
2025-09-15 08:15:00+00:00,,0.018749163,0,0
2025-09-15 08:30:00+00:00,,0.040190753,0,0
2025-09-15 08:45:00+00:00,,0.20482522,0,0
2025-09-15 09:00:00+00:00,,0.04164367,0,0
2025-09-15 09:15:00+00:00,,0.04071606,0,0
2025-09-15 09:30:00+00:00,,0.06384948,0,0
2025-09-15 09:45:00+00:00,,0.0073187863,0,0
2025-09-15 10:00:00+00:00,,0.006727277,0,0
2025-09-15 10:15:00+00:00,,0.004740707,0,0
2025-09-15 10:30:00+00:00,,0.0038762542,0,0
2025-09-15 10:45:00+00:00,,0.0019205103,0,0
2025-09-15 11:00:00+00:00,,0.02222923,0,0
2025-09-15 11:15:00+00:00,,0.042993557,0,0
2025-09-15 11:30:00+00:00,,0.011909741,0,0
2025-09-15 11:45:00+00:00,,0.27270454,0,0
2025-09-15 12:00:00+00:00,,0.104182124,0,0
2025-09-15 12:15:00+00:00,,0.14417127,0,0
2025-09-15 12:30:00+00:00,,0.47686052,0,0
2025-09-15 12:45:00+00:00,,0.25655022,0,0
2025-09-15 13:00:00+00:00,,0.16385554,0,0
2025-09-15 13:15:00+00:00,,0.51177615,1,0
2025-09-15 13:30:00+00:00,,0.6165199,1,1
2025-09-15 13:45:00+00:00,,0.28963506,0,0
2025-09-15 14:00:00+00:00,,0.12835099,0,0
2025-09-15 14:15:00+00:00,,0.06217316,0,0
2025-09-15 14:30:00+00:00,,0.043435693,0,0
2025-09-15 14:45:00+00:00,,0.029250285,0,0
2025-09-15 15:00:00+00:00,,0.038449775,0,0
2025-09-15 15:15:00+00:00,,0.45123848,0,0
2025-09-15 15:30:00+00:00,,0.28596964,0,0
2025-09-15 15:45:00+00:00,,0.27455556,0,0
2025-09-15 16:00:00+00:00,,0.41897425,0,0
2025-09-15 16:15:00+00:00,,0.19663973,0,0
2025-09-15 16:30:00+00:00,,0.31052455,0,0
